id,mid,weibo_created_at,source,region,is_edited,reposts,comments,attitudes,weibo_text,ats,topics,icons,supers,locations,photos,other_links
4844846478530051,4844846478530051,Fri Dec 09 19:21:16 +0800 2022,,发布于 重庆,False,1000000,1000000,1221744,接收到音乐，玩转了乐器。跳跃的节奏，止不住的摇滚。《2Sides》——Chapter.0430《孩子气/Childish》Another side photo collection. #TFFamily 2Sides# ,[],['#TFFamily 2Sides#'],[],[],[],[],[]
5073184753717083,5073184753717083,Fri Aug 30 21:36:03 +0800 2024,,发布于 黑龙江,True,1000000,155735,431914,p1防止朔哥窥屏p23回家和毛哥的屎真多一起玩了会p45我 #禹事不慌张# ,[],['#禹事不慌张#'],[],[],[],[],[]
5071790816629679,5071790816629679,Tue Aug 27 01:17:03 +0800 2024,明星动态,,False,1000000,1000000,517751, ,[],[],[],[],[],[],[]
5071628270829870,5071628270829870,Mon Aug 26 14:31:09 +0800 2024,,发布于 马来西亚,False,1000000,459343,477569,「勋章」｜黑夜蔓延着滚烫，孤勇荒唐、肆意张扬地去迎接破晓天光，锋利的荆棘刺破了无人问津的背影，每个创口都是成长与意外对勇敢少年的奖赏，一路风雨兼程，荆棘会成利刃。以TF家族-张泽禹之名，奔赴最终的战场#禹事不慌张##TF三代登陆时刻演唱会# ,[],"['#禹事不慌张#', '#TF三代登陆时刻演唱会#']",[],[],[],[],[]
5068406032958765,5068406032958765,Sat Aug 17 17:07:07 +0800 2024,,发布于 北京,False,1000000,1000000,733966,兄弟们 话不多说 拼这最后一把🖖🏽#登陆日四公舞台##禹事不慌张##TF三代登陆日# ,[],"['#登陆日四公舞台#', '#禹事不慌张#', '#TF三代登陆日#']",[],[],[],[],[]
5067226493752964,5067226493752964,Wed Aug 14 11:00:03 +0800 2024,互动集卡,,False,1000000,1000000,651455,👀 #禹事不慌张# ,[],['#禹事不慌张#'],[],[],[],[],[]
5066592498485957,5066592498485957,Mon Aug 12 17:00:47 +0800 2024,微博视频号,发布于 北京,False,1000000,1000000,768101,登陆日三公导师合作舞台<‘Bout you>张泽禹直拍#登陆日三公直拍##禹事不慌张##TF三代登陆日# TF家族-张泽禹的微博视频 ,[],"['#登陆日三公直拍#', '#禹事不慌张#', '#TF三代登陆日#']",[],[],[],[],[]
5066578629234638,5066578629234638,Mon Aug 12 16:05:40 +0800 2024,微博视频号,发布于 北京,False,1000000,1000000,897657,登陆日三公舞台《笼》张泽禹个人直拍#登陆日三公直拍##禹事不慌张##TF三代登陆日# TF家族-张泽禹的微博视频 ,[],"['#登陆日三公直拍#', '#禹事不慌张#', '#TF三代登陆日#']",[],[],[],[],[]
5066535855722402,5066535855722402,Mon Aug 12 13:15:42 +0800 2024,,发布于 北京,False,1000000,883362,1024011,三公结束了 马上就只剩最后一次公演 这次的赛制是真的出乎人意料 而且导致每个人的压力都很大 相对来说舞台准备的内容也更多 一开始要把AB part都学会 因为可能到上场前都还不知道要表演哪个part 然后在拿到直通卡之后可以说这个压力小了一点 但紧接着还有个问题就是这次一起上台的队友要怎么决定 直到 ...全文,[],[],[],[],[],[],[]
5066528514378642,5066528514378642,Mon Aug 12 12:46:32 +0800 2024,,发布于 北京,False,1000000,307633,825347,想拍个海边的日出照发现这个时间很巧哈哈哈哈哈#禹事不慌张# ,[],['#禹事不慌张#'],[],[],[],[],[]
5065953362316378,5065953362316378,Sat Aug 10 22:41:05 +0800 2024,,发布于 北京,False,1000000,537341,861432,回到夏天的三班👀一直是不会被烦恼困住的张郎#禹事不慌张##TF三代登陆日# ,[],"['#禹事不慌张#', '#TF三代登陆日#']",[],[],[],[],[]
5065781215232357,5065781215232357,Sat Aug 10 11:17:01 +0800 2024,,发布于 北京,False,1000000,97059,805308,静止时空#TF三代新歌明天地球要爆炸##禹事不慌张# ,[],"['#TF三代新歌明天地球要爆炸#', '#禹事不慌张#']",[],[],[],[],[]
5065765151577553,5065765151577553,Sat Aug 10 10:13:12 +0800 2024,,发布于 北京,False,1000000,40150,215525,#TF三代新歌明天地球要爆炸#那就一起去银河逛逛👀,[],['#TF三代新歌明天地球要爆炸#'],[],[],[],[],[]
5065191500548116,5065191500548116,Thu Aug 08 20:13:43 +0800 2024,,发布于 北京,False,1000000,874147,679966,小屎和老蔫儿#喵喵晒照大赛##禹事不慌张# ,[],"['#喵喵晒照大赛#', '#禹事不慌张#']","['[喵喵]', '[喵喵]']",[],[],[],[]
5063694255655194,5063694255655194,Sun Aug 04 17:04:12 +0800 2024,,发布于 北京,False,1000000,165467,1159066,来吧朋友们👀想看什么校服造型！#TF三代直播造型征集##禹事不慌张##TF三代登陆日# ,[],"['#TF三代直播造型征集#', '#禹事不慌张#', '#TF三代登陆日#']",[],[],[],[],[]
5063336502493887,5063336502493887,Sat Aug 03 17:22:37 +0800 2024,,发布于 北京,False,1000000,593294,1009262,还是那句 期待一下👀#登陆日三公舞台##禹事不慌张##TF三代登陆日# ,[],"['#登陆日三公舞台#', '#禹事不慌张#', '#TF三代登陆日#']",[],[],[],[],[]
5063333013882787,5063333013882787,Sat Aug 03 17:08:45 +0800 2024,,发布于 北京,False,1000000,1000000,1000693,更新！#禹事不慌张# ,[],['#禹事不慌张#'],[],[],[],[],[]
5062242272547890,5062242272547890,Wed Jul 31 16:54:32 +0800 2024,,发布于 北京,False,1000000,896206,1009369,我的下午茶时间#禹事不慌张# ,[],['#禹事不慌张#'],[],[],[],[],[]
5062202681984727,5062202681984727,Wed Jul 31 14:17:13 +0800 2024,,发布于 北京,False,1000000,54837,196633,三代#TF三代登陆时刻演唱会#,[],['#TF三代登陆时刻演唱会#'],[],[],[],[],[]
5061487806648975,5061487806648975,Mon Jul 29 14:56:34 +0800 2024,微博视频号,发布于 北京,False,1000000,250272,1013937,登陆日二公导师合作舞台《为明天写封信》张泽禹个人直拍#登陆日二公直拍##禹事不慌张##TF三代登陆日# TF家族-张泽禹的微博视频 ,[],"['#登陆日二公直拍#', '#禹事不慌张#', '#TF三代登陆日#']",[],[],[],[],[]
5061459911906392,5061459911906392,Mon Jul 29 13:05:43 +0800 2024,微博视频号,发布于 北京,False,1000000,194487,1020224,登陆日二公《不谓侠》张泽禹个人直拍#登陆日二公直拍##禹事不慌张##TF三代登陆日# TF家族-张泽禹的微博视频 ,[],"['#登陆日二公直拍#', '#禹事不慌张#', '#TF三代登陆日#']",[],[],[],[],[]
5061102270679541,5061102270679541,Sun Jul 28 13:24:35 +0800 2024,,发布于 北京,False,1000000,344265,998620,哈喽大家好！二公结束了不知道大家觉得怎么样 既来之则安之 感觉这句话就是我这场公演的座右铭了哈哈哈 虽说换到了其他的队伍 但是在这个只有我一个唱说唱 还要有比较长一段展示的节目里 把每个片段都演好才是第一目标 不过感觉运气有点不太好 准备节目期间都还好好的 演出那天突然发烧了好在 ...全文,[],[],['[笑cry]'],[],[],[],[]
5059804999979864,5059804999979864,Wed Jul 24 23:29:41 +0800 2024,登陆日超话,发布于 北京,False,1000000,350957,947042,登陆日 最近真是太热了啊 大家都去凉快的地方玩玩#禹事不慌张##夏日青春派对##暑期超访大会# TF家族-张泽禹的微博视频 ,[],"['#禹事不慌张#', '#夏日青春派对#', '#暑期超访大会#']",['[奥特曼]'],['登陆日'],[],[],[]
5059772850378606,5059772850378606,Wed Jul 24 21:21:56 +0800 2024,微博视频号,发布于 北京,False,1000000,1000000,1020695,不知不觉也400w O！K 🖖🏽谢谢大家！这首歌是之前上课练习时候写的一个片段 刚好就把它作为一个小惊喜送给好朋友们Talk to the star👀 请收下#禹事不慌张# TF家族-张泽禹的微博视频 ,[],['#禹事不慌张#'],['[月亮]'],[],[],[],[]
5059324294203789,5059324294203789,Tue Jul 23 15:39:31 +0800 2024,,发布于 北京,False,1000000,62478,175009,我们是,[],[],[],[],[],[],[]
5058630497599842,5058630497599842,Sun Jul 21 17:42:37 +0800 2024,,发布于 北京,False,1000000,763428,998184,来唠嗑O！K啊👌#禹事不慌张##TF三代登陆日##暑期嘉年华# ,[],"['#禹事不慌张#', '#TF三代登陆日#', '#暑期嘉年华#']",[],[],[],[],[]
5058262682048055,5058262682048055,Sat Jul 20 17:21:04 +0800 2024,,发布于 北京,False,1000000,363989,996725,我头上有犄角努力驯服每一件道具中#登陆日二公##禹事不慌张##TF三代登陆日# ,[],"['#登陆日二公#', '#禹事不慌张#', '#TF三代登陆日#']",['[作揖]'],[],[],[],[]
5057948639039445,5057948639039445,Fri Jul 19 20:33:10 +0800 2024,,发布于 北京,False,1000000,308886,875276,咋克登场了🖖🏽#禹事不慌张# ,[],['#禹事不慌张#'],[],[],[],[],[]
5056852689683790,5056852689683790,Tue Jul 16 19:58:16 +0800 2024,,发布于 北京,False,1000000,757280,992693,#禹事不慌张# ,[],['#禹事不慌张#'],"['[熊猫]', '[比耶]']",[],[],[],[]
5056311517515500,5056311517515500,Mon Jul 15 08:07:50 +0800 2024,,发布于 浙江,False,1000000,332558,1019079,现在已经没有星星了#禹事不慌张# ,[],['#禹事不慌张#'],[],[],[],[],[]
5056128474422745,5056128474422745,Sun Jul 14 20:00:29 +0800 2024,微博视频号,发布于 浙江,False,1000000,373229,845716,登陆日一公导师合作舞台《光年之外》张泽禹直拍#禹事不慌张##TF三代登陆日##登陆日一公舞台#  TF家族-张泽禹的微博视频 ,[],"['#禹事不慌张#', '#TF三代登陆日#', '#登陆日一公舞台#']",[],[],[],[],[]
5056084381274235,5056084381274235,Sun Jul 14 17:05:17 +0800 2024,微博视频号,发布于 浙江,False,1000000,250852,998803,登陆日一公《男儿歌》张泽禹直拍#禹事不慌张##TF三代登陆日##登陆日一公舞台#  TF家族-张泽禹的微博视频 ,[],"['#禹事不慌张#', '#TF三代登陆日#', '#登陆日一公舞台#']",[],[],[],[],[]
5055760129854148,5055760129854148,Sat Jul 13 19:36:49 +0800 2024,,发布于 浙江,True,1000000,280345,1017416,一公结束啦 不知道这个节目大家看到现在觉得怎么样哈哈哈 我感觉时长还是蛮长的 像要是吃饭时候追的话 估计要个两三天才能看完一期其实一公下来压力还是蛮大的 我自己来说的话觉得好像还没太适应 所以这次公演的成绩也不太理想 对自己还是不太满意 不知道大家对一公的舞台还算满意嘛🙏我会调 ...全文,[],[],['[666]'],[],[],[],[]
5053863721441400,5053863721441400,Mon Jul 08 14:01:10 +0800 2024,微博视频号,发布于 浙江,False,1000000,1000000,1036141,#登陆日一公舞台直拍#登陆日一公舞台《如果你也听说》张泽禹个人直拍#禹事不慌张##TF三代登陆日#  TF家族-张泽禹的微博视频 ,[],"['#登陆日一公舞台直拍#', '#禹事不慌张#', '#TF三代登陆日#']",[],[],[],[],[]
5053479318456944,5053479318456944,Sun Jul 07 12:33:41 +0800 2024,,发布于 浙江,False,1000000,37998,104545,铭记历史，吾辈自强！,[],[],[],[],[],[],[]
5053203194583461,5053203194583461,Sat Jul 06 18:16:28 +0800 2024,微博视频号,发布于 浙江,False,1000000,705992,1044043,#等你的回答舞台直拍#登陆日主题曲《等你的回答》张泽禹个人直拍#禹事不慌张##TF三代登陆日# TF家族-张泽禹的微博视频 ,[],"['#等你的回答舞台直拍#', '#禹事不慌张#', '#TF三代登陆日#']",[],[],[],[],[]
5053171160321072,5053171160321072,Sat Jul 06 16:09:11 +0800 2024,,发布于 浙江,False,1000000,199353,711939,今晚，如果你也👀#登陆日一公舞台##禹事不慌张##TF三代登陆日# ,[],"['#登陆日一公舞台#', '#禹事不慌张#', '#TF三代登陆日#']",[],[],[],[],[]
5051051594220793,5051051594220793,Sun Jun 30 19:46:47 +0800 2024,,发布于 浙江,False,1000000,1000000,891787,update👀#禹事不慌张##TF三代登陆日##TF三代出道实录# ,[],"['#禹事不慌张#', '#TF三代登陆日#', '#TF三代出道实录#']",[],[],[],[],[]
5050660299214055,5050660299214055,Sat Jun 29 17:51:55 +0800 2024,微博视频号,发布于 浙江,False,1000000,347676,986784,感受鲜活当下⚪️TF家族-张泽禹  前往登陆⚫️#禹事不慌张##TF三代登陆日# #TF三代登陆日开播# TF家族-张泽禹的微博视频 ,[],"['#禹事不慌张#', '#TF三代登陆日#', '#TF三代登陆日开播#']",[],[],[],[],[]
5049206069534021,5049206069534021,Tue Jun 25 17:33:19 +0800 2024,,发布于 浙江,True,1000000,1000000,1011479,光影 蝉鸣 小动物 👀#禹事不慌张# #生活有星意# ,[],"['#禹事不慌张#', '#生活有星意#']",[],[],[],[],[]
5046601830368170,5046601830368170,Tue Jun 18 13:05:00 +0800 2024,,发布于 浙江,False,1000000,1000000,989055,「出征」｜绣满意气风发在少年戎装，赤子之心滚烫，淬火成长去巅峰眺望。目光炯炯，向阳而生，向梦想出征，触碰光辉前程。「禹我的好朋友一起，加油！」#TF三代登陆日# #禹事不慌张# #TF三代出道实录# ,[],"['#TF三代登陆日#', '#禹事不慌张#', '#TF三代出道实录#']",[],[],[],[],[]
5045952791188178,5045952791188178,Sun Jun 16 18:05:57 +0800 2024,微博视频号,发布于 浙江,False,1000000,1000000,1011016,闯入盛大的春日花园，闭目回想，成长的足迹随着光影逐帧闪现，每个夏天都热情不减#禹事不慌张##TF三代登陆日##TF三代出道实录# TF家族-张泽禹的微博视频 ,[],"['#禹事不慌张#', '#TF三代登陆日#', '#TF三代出道实录#']",[],[],[],[],[]
5045514757996928,5045514757996928,Sat Jun 15 13:05:22 +0800 2024,,发布于 浙江,False,1000000,1000000,1250427,「少年」｜穿过梦幻冒险，与爱游历乐园，成长中的笑与泪都奔涌而来，随着漫天彩带具象，把盛大瑰丽的梦境定格。少年生而明朗，路过熙攘，永远热爱，永远渴望，永远蓬勃向上。TF家族-张泽禹已就绪，一起奔赴绚烂夏天。#禹事不慌张##TF三代登陆日##TF三代少年生命力写真##TF三代出道实录#  ...全文,[],"['#禹事不慌张#', '#TF三代登陆日#', '#TF三代少年生命力写真#', '#TF三代出道实录#']",[],[],[],[],[]
5043340423463534,5043340423463534,Sun Jun 09 13:05:20 +0800 2024,,发布于 浙江,False,1000000,1000000,1532320,「初生」｜以纯白初生，凝望彼岸的荧火微光，积攒日日夜夜的翘首以盼，触碰成长与梦的重量，期待风暴来临、扶摇直上。2017-2024，重新认识你，我是TF家族-张泽禹#TF三代登陆日##禹事不慌张##TF三代出道实录# ,[],"['#TF三代登陆日#', '#禹事不慌张#', '#TF三代出道实录#']",[],[],[],[],[]
5038398798299307,5038398798299307,Sun May 26 21:49:04 +0800 2024,,发布于 北京,False,1000000,1000000,366379,最近购入了点新的饰品 ,[],[],['[doge]'],[],[],[],[]
5036815713570869,5036815713570869,Wed May 22 12:58:28 +0800 2024,,发布于 北京,False,1000000,89847,176274,#中国终将实现完全统一#，台湾必将回归祖国的怀抱！,[],['#中国终将实现完全统一#'],[],[],[],[],[]
5036520448724585,5036520448724585,Tue May 21 17:25:12 +0800 2024,,发布于 北京,False,1000000,1000000,244021,OKK啊👀来嘞来嘞#心动来电# ,[],['#心动来电#'],[],[],[],[],[]
5036198076617648,5036198076617648,Mon May 20 20:04:12 +0800 2024,,发布于 北京,False,1000000,1000000,207567,忍不住想唱出👀我在仰望🌙 ,[],[],['[音乐]'],[],[],[],[]
5035375471100275,5035375471100275,Sat May 18 13:35:28 +0800 2024,,发布于 北京,False,1000000,1000000,236143,👀 ,[],[],[],[],[],[],[]
5034035050971154,5034035050971154,Tue May 14 20:49:06 +0800 2024,,发布于 北京,False,1000000,1000000,355397,屎真多去旅游了#晒快乐瞬间# ,[],['#晒快乐瞬间#'],[],[],[],[],[]
5033277495446835,5033277495446835,Sun May 12 18:38:51 +0800 2024,,发布于 北京,False,1000000,1000000,394277,妈！#给妈妈的情书# ,[],['#给妈妈的情书#'],[],[],[],[],[]
5033206802023573,5033206802023573,Sun May 12 13:57:57 +0800 2024,,发布于 北京,False,1000000,91801,272523,#汶川大地震16周年# 缅怀逝者，致敬重生，勇毅前行。,[],['#汶川大地震16周年#'],[],[],[],[],[]
5031129384225157,5031129384225157,Mon May 06 20:23:02 +0800 2024,,发布于 北京,False,1000000,1000000,239070,喜获新人设👀不乐宝biu biu biu #节后第一天# ,[],['#节后第一天#'],['[嘻嘻]'],[],[],[],[]
5030350260277794,5030350260277794,Sat May 04 16:47:04 +0800 2024,微博视频号,发布于 北京,False,1000000,1000000,261013,caming caming~享受假期！#陪你过五一# TF家族-张泽禹的微博视频 ,[],['#陪你过五一#'],['[耶]'],[],[],[],[]
5029183313150001,5029183313150001,Wed May 01 11:30:01 +0800 2024,微博视频号,发布于 北京,False,1000000,1000000,298745,「4」16:30还是很顺利的找到了这位朋友「3」17:17过程崎岖了一些「0」最后玉桂狗的选择真的很纠结！ TF家族-张泽禹的微博视频 ,[],[],"['[嘻嘻]', '[偷笑]']",[],[],[],[]
5028896422756837,5028896422756837,Tue Apr 30 16:30:01 +0800 2024,,发布于 北京,False,1000000,1000000,1111750,今天开始正式步入17岁啦～哈哈哈过得好快啊，怎么就17岁了嘞，还记得你是什么时候关注我的嘛？是刚来公司首次露面瘦瘦小小的我，还是从开始掉牙到最终换完全口牙齿？（这项大工程可是慢慢悠悠历经了将近三年左右啊）还是从我身高不到一米六，到现在的一米八呢？还是从初舞台开始，到现在这其中 ...全文,[],[],['[awsl]'],[],[],[],[]
5028832744311782,5028832744311782,Tue Apr 30 12:17:00 +0800 2024,微博视频号,发布于 北京,False,1000000,1000000,410258,带着8个整整齐齐的手办，来派送一下我的生日小惊喜🎁「4」「3」「0」来嘞（内含三份祝福和一个隐藏小愿望🤫）欢迎大家查看视频了解参与方式👀 TF家族-张泽禹的微博视频 ,[],[],['[耶]'],[],[],[],[]
5028670157358098,5028670157358098,Tue Apr 30 01:30:56 +0800 2024,生日动态,,False,1000000,149976,106622, ,[],[],[],[],[],[],[]
5028647281366083,5028647281366083,Tue Apr 30 00:00:02 +0800 2024,微博网页版,发布于 北京,False,1000000,221053,283211,意外的惊喜哈哈哈哈哈哈哈哈哈很开心石榴宝和家人 ,[],[],['[嘻嘻]'],[],[],[],[]
5027894331973202,5027894331973202,Sat Apr 27 22:08:05 +0800 2024,,发布于 北京,False,1000000,588280,189011,好不好玩不记得了但是嘎嘎认真#燃动时刻# ,[],['#燃动时刻#'],['[嘻嘻]'],[],[],[],[]
5027555353036499,5027555353036499,Fri Apr 26 23:41:06 +0800 2024,,发布于 北京,False,1000000,488354,211375,光不错#今天星期五# ,[],['#今天星期五#'],['[嘻嘻]'],[],[],[],[]
5025649779540326,5025649779540326,Sun Apr 21 17:29:01 +0800 2024,,发布于 北京,False,1000000,1000000,267133,张小右撒个花哈哈哈哈哈大家伙开心一下#明星v放送# ,[],['#明星v放送#'],"['[耶]', '[嘻嘻]']",[],[],[],[]
5025328718681013,5025328718681013,Sat Apr 20 20:13:15 +0800 2024,微博视频号,发布于 北京,False,1000000,690558,210838,带兄弟来玩上次小区玩的哈哈哈哈哈#你好春天# TF家族-张泽禹的微博视频 ,[],['#你好春天#'],[],[],[],[],[]
5025277162033064,5025277162033064,Sat Apr 20 16:48:23 +0800 2024,,发布于 北京,False,1000000,350970,157693,特别体能课程第二项——徒步！整体感受堪比爬华山💪#燃动时刻# ,[],['#燃动时刻#'],['[嘻嘻]'],[],[],[],[]
5024630815853538,5024630815853538,Thu Apr 18 22:00:02 +0800 2024,,发布于 北京,False,1000000,902509,200098,遛弯儿+吉他儿#尽兴生活# ,[],['#尽兴生活#'],[],[],[],[],[]
5023143154946314,5023143154946314,Sun Apr 14 19:28:36 +0800 2024,,发布于 北京,False,1000000,1000000,218335,这周是有点烧脑哈 #明星v放送# ,[],['#明星v放送#'],['[偷笑]'],[],[],[],[]
5023136395563173,5023136395563173,Sun Apr 14 19:01:45 +0800 2024,,发布于 北京,False,1000000,622487,193165,买了个有意思的颈枕#心动春日# ,[],['#心动春日#'],['[666]'],[],[],[],[]
5020606212344450,5020606212344450,Sun Apr 07 19:27:42 +0800 2024,,发布于 北京,False,1000000,1000000,283595,张小右又又又来了👀👀🎱体验不错#明星v放送# ,[],['#明星v放送#'],"['[嘻嘻]', '[嘻嘻]']",[],[],[],[]
5020297457308209,5020297457308209,Sat Apr 06 23:00:49 +0800 2024,,发布于 北京,True,1000000,1000000,281723,果然开了好多花！#清明游园会# ,[],['#清明游园会#'],[],[],[],[],[]
5018093084740068,5018093084740068,Sun Mar 31 21:01:26 +0800 2024,,发布于 北京,False,1000000,1000000,425386,张小右摆拍N张让我想想片场有啥有意思的事儿——大概就是在无人发现的角落吃了一些零食哈哈哈哈哈哈哈哈哈😂😂😂#明星v放送# ,[],['#明星v放送#'],"['[嘻嘻]', '[比耶]']",[],[],[],[]
5017721918196190,5017721918196190,Sat Mar 30 20:26:33 +0800 2024,,发布于 北京,False,1000000,1000000,394560,宝老师绘画技能训练日记day1#一条plog告别三月# ,[],['#一条plog告别三月#'],[],[],[],[],[]
5016336298147985,5016336298147985,Wed Mar 27 00:40:34 +0800 2024,微博视频号,发布于 北京,False,1000000,1000000,329054,平常的一天下班回家全记录👀💤#明星v放送# TF家族-张泽禹的微博视频 ,[],['#明星v放送#'],"['[嘻嘻]', '[嘻嘻]', '[嘻嘻]']",[],[],[],[]
5015511951739613,5015511951739613,Sun Mar 24 18:04:56 +0800 2024,,发布于 北京,False,1000000,126073,228166,体会不一样的“热血”时间#明星v放送# ,[],['#明星v放送#'],[],[],[],[],[]
5014517602060704,5014517602060704,Fri Mar 22 00:13:44 +0800 2024,,发布于 北京,False,1000000,136429,251508,又出来溜达了 没拍到🌙#今天梦里见# ,[],['#今天梦里见#'],[],[],[],[],[]
5012989713580420,5012989713580420,Sun Mar 17 19:02:27 +0800 2024,,发布于 北京,False,1000000,115686,243365,张小右来报道咯👀天台说唱的时候，夕阳挺好看的。大家没事儿多刷刷咱们最新的短剧，嘎嘎乐#明星v放送# ,[],['#明星v放送#'],"['[嘻嘻]', '[嘻嘻]', '[嘻嘻]']",[],[],[],[]
5011839970445235,5011839970445235,Thu Mar 14 14:53:47 +0800 2024,,发布于 北京,False,1000000,202923,239052,everybody knows I love you#2024说爱你# ,[],['#2024说爱你#'],[],[],[],[],[]
5010488473158507,5010488473158507,Sun Mar 10 21:23:25 +0800 2024,微博视频号,发布于 北京,False,1000000,83515,218205,今天的沉浸式是🎸#抬头接好运# TF家族-张泽禹的微博视频 ,[],['#抬头接好运#'],[],[],[],[],[]
5009791877385587,5009791877385587,Fri Mar 08 23:15:24 +0800 2024,,发布于 北京,False,1000000,94581,231841,好吃😋嘎嘎香#今天星期五# ,[],['#今天星期五#'],[],[],[],[],[]
5008698837829816,5008698837829816,Tue Mar 05 22:52:03 +0800 2024,,发布于 重庆,False,1000000,102262,185165,自拍这个美颜功能哈哈哈哈，然后分享自己宿舍的一个角落。#三月你好# ,[],['#三月你好#'],[],[],[],[],[]
5006869242055834,5006869242055834,Thu Feb 29 21:41:53 +0800 2024,微博视频号,发布于 北京,False,1000000,91884,242023,快乐一下 1 2 3 👀#爆改一下# TF家族-张泽禹的微博视频 ,[],['#爆改一下#'],[],[],[],[],[]
5006728775076524,5006728775076524,Thu Feb 29 12:23:43 +0800 2024,微博网页版,发布于 北京,False,1000000,52434,201634,哎呀哎呀👀 要不遛弯儿来看看四年前的一些库存哈哈哈哈哈哈哈哈哈哈哈哈哈哈哈哈哈。（ps：月亮不是四年前 还算新鲜😂）#0229时光邮局# ,[],['#0229时光邮局#'],[],[],[],[],[]
5005067738683059,5005067738683059,Sat Feb 24 22:23:21 +0800 2024,,发布于 重庆,False,1000000,85175,244819,祝大家元宵快乐乐乐乐乐啊！团团圆圆[拜年]#齐乐龙龙过元宵# ,[],['#齐乐龙龙过元宵#'],[],[],[],[],[]
5003582153169420,5003582153169420,Tue Feb 20 20:00:10 +0800 2024,,发布于 重庆,False,1000000,82806,249739,这次假期应该是这几年最长的一次了，每年回来因为时间有限，都会安排很满，去亲戚家串门，去看老师，和家里人出去玩也会叫上最好的朋友一起😎，看了两场电影👀  ，还有未拼装完成的车，等我回来哈哈哈总之很开心，还有一些日常碎片 ,[],[],[],[],[],[],[]
5003101738371469,5003101738371469,Mon Feb 19 12:11:10 +0800 2024,,发布于 重庆,False,1000000,53774,263049,勿忘国耻 缅怀致敬 繁荣昌盛 祖国万岁 ,[],[],['[拳头]'],[],[],[],[]
5002747901905416,5002747901905416,Sun Feb 18 12:45:09 +0800 2024,,发布于 重庆,False,1000000,56252,295500,跟大家推荐一下！这两天看的春节档的电影，就是《第二十条》！“法律，是让坏人犯罪的成本更高，而不是让好人出手的代价更大。”它告诉我在遭遇不公时，不要再沉默不语，他人有难时，要依然敢伸出援手，见义勇为。大家有时间可以去看看强力推荐！#红红火火闹新春# ,[],['#红红火火闹新春#'],"['[偷笑]', '[耶]']",[],[],[],[]
5001738354690506,5001738354690506,Thu Feb 15 17:53:34 +0800 2024,,发布于 重庆,False,1000000,71874,365435,这是拼完的马里奥和现在正在拼的车还有我的小展示柜初六祝大家六六大顺哈哈哈哈哈#红红火火闹新春# ,[],['#红红火火闹新春#'],['[666]'],[],[],[],[]
5001448974715913,5001448974715913,Wed Feb 14 22:43:41 +0800 2024,,发布于 湖南,False,1000000,55362,324464,啊啊！ 我需要先做点心理准备大家看得开心就好！#红红火火闹新春# ,[],['#红红火火闹新春#'],['[允悲]'],[],[],[],[]
5001413040280433,5001413040280433,Wed Feb 14 20:20:53 +0800 2024,,发布于 重庆,False,1000000,56565,238502,这是东北特有的室外温泉 户外雪地温泉#红红火火闹新春# ,[],['#红红火火闹新春#'],['[偷笑]'],[],[],[],[]
5000976110717824,5000976110717824,Tue Feb 13 15:24:41 +0800 2024,,发布于 重庆,False,1000000,60841,182588,今天遛弯儿了吗？ 来了！大雪人☃️还有几个小雪人 大家找找呢？#红红火火闹新春# ,[],['#红红火火闹新春#'],[],[],[],[],[]
5000974702216260,5000974702216260,Tue Feb 13 15:19:05 +0800 2024,,发布于 重庆,False,1000000,44549,167234,过新年很OK啊 开心第一👀手气还算不错有抽到🧧再就是这套衣服有一点点影响游戏发挥😂来年再努努力！大年初四小宝中宝大禹再次祝大家新春快乐！今晚来看电影？好吗！哎呀哎呀！有点羞耻啊啊啊啊啊，但是绝对绝对好笑（大漏勺一下）😂#红红火火闹新春# ,[],['#红红火火闹新春#'],[],[],[],[],[]
5000290472821309,5000290472821309,Sun Feb 11 18:00:12 +0800 2024,,发布于 重庆,False,1000000,52631,194592,冰灯和江边完事了 今天是辣条冰糖葫芦和网红桥哈哈哈哈#红红火火闹新春# ,[],['#红红火火闹新春#'],[],[],[],[],[]
4999920521840566,4999920521840566,Sat Feb 10 17:30:09 +0800 2024,,发布于 重庆,False,1000000,50563,205779,家庭版烤羊排#红红火火闹新春# ,[],['#红红火火闹新春#'],['[馋嘴]'],[],[],[],[]
4999919917859243,4999919917859243,Sat Feb 10 17:27:45 +0800 2024,,发布于 重庆,False,1000000,44061,189214,不是羽绒服买不起 是军大衣更有性价比#红红火火闹新春# ,[],['#红红火火闹新春#'],['[doge]'],[],[],[],[]
4999626279096425,4999626279096425,Fri Feb 09 22:00:56 +0800 2024,TF家族超话,发布于 重庆,False,1000000,78647,280510,TF家族 首先要祝大家新年快乐呀！！祝大家龙年发发发（金牛座第一个想到的祝福哈哈）这次新年音乐会不知道大家还满不满意 因为真的是压力很大的一次 我们要准备这些节目的同时也有穿插的其他拍摄 所以时间真的很紧张 而且我们这段时间每个人或多或少都有那么一两次的感冒发烧症状 对排 ...全文,[],[],['[偷笑]'],['TF家族'],[],[],[]
4999623647432686,4999623647432686,Fri Feb 09 21:50:29 +0800 2024,,发布于 重庆,False,1000000,49891,192163,带大家沉浸式体验一把#龙年大吉# ,[],['#龙年大吉#'],[],[],[],[],[]
4999579250465453,4999579250465453,Fri Feb 09 18:54:04 +0800 2024,,发布于 重庆,False,1000000,62218,210051,大家的年夜饭开始了吗👀新春快乐乐乐乐啊啊啊啊#龙年大吉# ,[],['#龙年大吉#'],['[馋嘴]'],[],[],[],[]
4998930308008427,4998930308008427,Wed Feb 07 23:55:24 +0800 2024,,发布于 重庆,False,1000000,81626,260686,哈尔滨冰封玫瑰#红红火火闹新春# ,[],['#红红火火闹新春#'],['[doge]'],[],[],[],[]
4997370943375731,4997370943375731,Sat Feb 03 16:39:02 +0800 2024,,发布于 重庆,False,1000000,57503,149937,此刻他站在这里，盯着前路不回头。来现场听🎤#TF三代原创新歌不回头#,[],['#TF三代原创新歌不回头#'],[],[],[],[],[]
4995239758269440,4995239758269440,Sun Jan 28 19:30:28 +0800 2024,,发布于 重庆,False,1000000,138365,256540,我看看 很O！K啊👌接下来我们舞台见！ ,[],[],[],[],[],[],[]
4994214343216249,4994214343216249,Thu Jan 25 23:35:50 +0800 2024,,发布于 重庆,False,1000000,96065,243768,很OK啊回来吃点儿不一样的啊 落地重庆第一顿 猜猜？ ,[],[],[],[],[],[],[]
4992341567874952,4992341567874952,Sat Jan 20 19:34:06 +0800 2024,微博视频号,发布于 北京,False,1000000,108769,230811,👀哈喽又是我 中宝来了 一会见了！#TF三代2024新喜开播# TF家族-张泽禹的微博视频 ,[],['#TF三代2024新喜开播#'],[],[],[],[],[]
4991303937428207,4991303937428207,Wed Jan 17 22:50:55 +0800 2024,,发布于 北京,False,1000000,114890,247542,虽然有点累 还是看见了🌃和🌙 ,[],[],[],[],[],[],[]
4988780066904707,4988780066904707,Wed Jan 10 23:41:58 +0800 2024,,发布于 北京,False,1000000,235317,314593,洗了几卷胶片🎞️ ,[],[],[],[],[],[],[]
4985882973308337,4985882973308337,Tue Jan 02 23:49:57 +0800 2024,,发布于 韩国,False,1000000,296745,297568,没在这边拍到圆月亮但是拍到了丁达尔效应 ,[],[],"['[笑cry]', '[doge]']",[],[],[],[]
4985161596539465,4985161596539465,Mon Jan 01 00:03:27 +0800 2024,,发布于 韩国,False,1000000,219097,271834,我一脚！ 就跨过去这个年大家伙现在在干嘛#非正式跨年派对# ,[],['#非正式跨年派对#'],"['[加油]', '[哈哈]']",[],[],[],[]
4984060713635355,4984060713635355,Thu Dec 28 23:08:56 +0800 2023,,发布于 韩国,False,1000000,204463,251239,找到个合适的工具本来准备扫雪来着，结果扫着扫着，后面逐渐跑偏了，突然开始变身了，哈哈哈哈哈哈！然后后面看这个照片感觉我很像p在这个背景上的感觉可以把我抠出来放到任何背景里是不是？ ,[],[],"['[允悲]', '[笑cry]']",[],[],[],[]
4983655899859710,4983655899859710,Wed Dec 27 20:20:21 +0800 2023,,发布于 广东,False,1000000,127834,210874,这次舞台结束了，感觉从一开始宣布这个企划到最后还经历了很多，毕竟这也是我第一次做小队长，带着整个团队一起准备舞台，和大家一起创作；因为有些地方我不确定自己做的有没有那么好，决定有没有那么正确，所以也会更多听一下队友的意见和想法再来做决定。在这两周的时间里呢，压力相对来说还是比较 ...全文,[],[],[],[],[],[],[]
4982610151604876,4982610151604876,Sun Dec 24 23:04:55 +0800 2023,,发布于 韩国,False,1000000,213057,234142,wuhu～～～才冲完澡准备睡了 ,[],[],['[揣手]'],[],[],[],[]
4981898314778439,4981898314778439,Fri Dec 22 23:56:20 +0800 2023,,发布于 韩国,False,1000000,207780,240742,来了来了还是勉强抓了一下冬至的尾巴，主要是今天练了一下小臂现在还有点儿抖。#冬至到来了# ,[],['#冬至到来了#'],"['[允悲]', '[揣手]']",[],[],[],[]
4981162758116282,4981162758116282,Wed Dec 20 23:13:30 +0800 2023,,发布于 北京,False,1000000,193948,266270,还不错 ,[],[],[],[],[],[],[]
4980655962457174,4980655962457174,Tue Dec 19 13:39:40 +0800 2023,,发布于 北京,False,98960,23593,78675,愿平安🙏,[],[],[],[],[],[],[]
4978462287464949,4978462287464949,Wed Dec 13 12:22:47 +0800 2023,,发布于 北京,False,444897,34033,92699,缅怀先烈，吾辈当自强。,[],[],[],[],[],[],[]
4976824142268571,4976824142268571,Fri Dec 08 23:53:23 +0800 2023,,发布于 北京,False,1000000,333666,345665,来唠唠嗑啊  从北京到哈尔滨的飞行“趣事儿” ,[],[],[],[],[],[],[]
4976094457368802,4976094457368802,Wed Dec 06 23:33:53 +0800 2023,,发布于 北京,False,1000000,187086,274749,溜达了一圈 看看家乡的雪人儿（嘎嘎冷🥶） ,[],[],[],[],[],[],[]
4975729213440759,4975729213440759,Tue Dec 05 23:22:32 +0800 2023,,发布于 北京,False,1000000,286794,326902,沉浸式2.0 👀 ,[],[],[],[],[],[],[]
4974280112079042,4974280112079042,Fri Dec 01 23:24:18 +0800 2023,,发布于 北京,False,1000000,270570,318839,也就还能在这儿穿穿短袖😂#你好12月# ,[],['#你好12月#'],[],[],[],[],[]
4972083433181254,4972083433181254,Sat Nov 25 21:55:30 +0800 2023,TF家族超话,发布于 北京,False,1000000,217967,355439,TF家族先来给大家看看那天的月亮，日落的时候感觉离自己特别近！！先来漏勺一下谁是___#超有话聊##tf家族三代特训营结业大会# ,[],"['#超有话聊#', '#tf家族三代特训营结业大会#']","['[嘻嘻]', '[doge]']",['TF家族'],[],[],[]
4970300891469358,4970300891469358,Mon Nov 20 23:52:19 +0800 2023,,发布于 北京,False,1000000,167952,259058,下班前说了一段！哈哈哈哈哈哈哈 把我自己给逗乐了😂 ,[],[],[],[],[],[],[]
4968478169629473,4968478169629473,Wed Nov 15 23:09:28 +0800 2023,,发布于 北京,False,1000000,172789,317757,冬天来的太快了！！！#冬日微笑大赛# ,[],['#冬日微笑大赛#'],[],[],[],[],[]
4967019338268936,4967019338268936,Sat Nov 11 22:32:35 +0800 2023,,发布于 北京,False,1000000,208042,306937,分享<Melody> ,[],[],[],[],[],[],[]
4966320062597210,4966320062597210,Fri Nov 10 00:13:55 +0800 2023,,发布于 北京,False,1000000,119813,234863,哈喽 又是我 主要是分享一下我这个门🚪 ,[],[],[],[],[],[],[]
4965850478024199,4965850478024199,Wed Nov 08 17:07:58 +0800 2023,微博视频号,发布于 北京,False,1000000,234601,316201,蜷缩在小角落的时候，就会想起一起度过的每分每秒。#TF家族2024台历我生活的角落# TF家族-张泽禹的微博视频 ,[],['#TF家族2024台历我生活的角落#'],[],[],[],[],[]
4964490507196835,4964490507196835,Sat Nov 04 23:03:55 +0800 2023,,发布于 北京,False,1000000,204928,319492,👀大通铺可暖和了  找找相册 总能发现一些库存！哈哈哈哈哈哈哈#tf家族恭喜你发现了宝藏第二季##tf三代大通铺游戏# ,[],"['#tf家族恭喜你发现了宝藏第二季#', '#tf三代大通铺游戏#']",[],[],[],[],[]
4964429140069286,4964429140069286,Sat Nov 04 19:00:04 +0800 2023,明星动态,,False,1000000,128250,330540, ,[],[],[],[],[],[],[]
4964423429263578,4964423429263578,Sat Nov 04 18:37:23 +0800 2023,,发布于 北京,False,1000000,120602,257679,哎呀哎呀 弄点有意思的 ,[],[],['[嘻嘻]'],[],[],[],[]
4963034877399559,4963034877399559,Tue Oct 31 22:39:46 +0800 2023,,发布于 北京,False,1000000,96858,240668,本来还是想拍拍月亮结果……#一条plog告别十月# ,[],['#一条plog告别十月#'],[],[],[],[],[]
4962591312448182,4962591312448182,Mon Oct 30 17:17:12 +0800 2023,,发布于 北京,False,1000000,73379,201317,北京的🍂已经开始飘落了 #翻开秋日终章# ,[],['#翻开秋日终章#'],[],[],[],[],[]
4961153500841380,4961153500841380,Thu Oct 26 18:03:51 +0800 2023,,发布于 北京,False,1000000,33188,108068,祝贺神十七发射圆满成功！向航天英雄致敬！与神十七共赴星辰大海！,[],[],[],[],[],[],[]
4960519649234632,4960519649234632,Wed Oct 25 00:05:09 +0800 2023,,发布于 北京,False,1000000,121840,244197,👀哈喽又是我 课后#翻开秋日终章# ,[],['#翻开秋日终章#'],[],[],[],[],[]
4957941176731509,4957941176731509,Tue Oct 17 21:19:13 +0800 2023,,发布于 北京,False,1000000,143648,303081,本来想着今天正好可以给大家看看月亮 ,[],[],[],[],[],[],[]
4957249496678469,4957249496678469,Sun Oct 15 23:30:43 +0800 2023,,发布于 北京,False,1000000,74215,212494,过段时间再分享点好玩儿的✌️✌️ ,[],[],[],[],[],[],[]
4955034434932092,4955034434932092,Mon Oct 09 20:48:52 +0800 2023,,发布于 北京,False,1000000,137298,284347,禹宙点点首show🎸 ,[],[],[],[],[],[],[]
4953639468400975,4953639468400975,Fri Oct 06 00:25:46 +0800 2023,,发布于 北京,False,1000000,195235,271559,有一张是舞蹈动作 猜猜？ ,[],[],['[doge]'],[],[],[],[]
4953249088018428,4953249088018428,Wed Oct 04 22:34:32 +0800 2023,,发布于 北京,False,1000000,169383,281959,过几天带“禹宙”出来溜溜哈哈哈哈哈哈哈 ,[],[],[],[],[],[],[]
4952524178327358,4952524178327358,Mon Oct 02 22:34:00 +0800 2023,,发布于 北京,False,1000000,244256,327304,猪蹄儿手势误入MBTI探究所👀 难？不倒我#tf家族恭喜你发现了宝藏第二季# ,[],['#tf家族恭喜你发现了宝藏第二季#'],[],[],[],[],[]
4951943820347532,4951943820347532,Sun Oct 01 08:07:52 +0800 2023,,发布于 北京,False,1000000,19461,110088,山河无恙，国富民强。祖国母亲生日快乐！🇨🇳 #庆祝新中国成立74周年#,[],['#庆祝新中国成立74周年#'],[],[],[],[],[]
4951767358638478,4951767358638478,Sat Sep 30 20:26:40 +0800 2023,,发布于 北京,False,1000000,252698,337336,迟来的节日祝福  大家放假快乐👀#一条plog告别九月# ,[],['#一条plog告别九月#'],[],[],[],[],[]
4950727895550761,4950727895550761,Wed Sep 27 23:36:13 +0800 2023,微博视频号,发布于 北京,False,1000000,212349,336103,完美月亮的诞生#出去玩想想就开心# TF家族-张泽禹的微博视频 ,[],['#出去玩想想就开心#'],[],[],[],[],[]
4950721822722220,4950721822722220,Wed Sep 27 23:12:05 +0800 2023,,发布于 河北,False,1000000,158845,236021,高速行驶的车上能拍成这样是我没想到的 ,[],[],[],[],[],[],[]
4947813881610365,4947813881610365,Tue Sep 19 22:36:57 +0800 2023,,发布于 北京,False,1000000,113449,274009,硬cool一把 ,[],[],[],[],[],[],[]
4947289187290139,4947289187290139,Mon Sep 18 11:52:01 +0800 2023,,发布于 北京,False,42806,10967,82599,牢记历史，珍爱和平，吾辈当自强。,[],[],[],[],[],[],[]
4946731801511337,4946731801511337,Sat Sep 16 22:57:10 +0800 2023,,发布于 北京,False,1000000,89899,282620,“怎么能够停止不前” ,[],[],[],[],[],[],[]
4946370130871194,4946370130871194,Fri Sep 15 23:00:01 +0800 2023,微博网页版,发布于 北京,False,1000000,99991,604564,大家好哈哈哈 下面我们将进行一次取名字征集意见 我会在评论区打出我对这把新吉他的几个名字以及每一个理由 请大家选出自己心仪的名字点赞那条评论 限时时间24小时 注意 24小时 最终的名字就是明天同一时间点赞最多的那条评论 希望大家踊跃参加 明天会跟大家公布结果 哈哈哈哈哈 ,[],[],['[思考]'],[],[],[],[]
4946021337532040,4946021337532040,Thu Sep 14 23:54:02 +0800 2023,,发布于 北京,False,1000000,46391,254112,回宿舍的时候 遇到一个路人小哥 ,[],[],['[doge]'],[],[],[],[]
4944554903210188,4944554903210188,Sun Sep 10 22:46:57 +0800 2023,微博视频号,发布于 北京,False,1000000,116185,266423,张小宝和他的朋友张中宝一起来祝福老师们教师节快乐，天天开心👀 （ps：做完作业继续先给老师们发祝福啦！）#老师谢谢你# TF家族-张泽禹的微博视频 ,[],['#老师谢谢你#'],[],[],[],[],[]
4944177159997885,4944177159997885,Sat Sep 09 21:45:56 +0800 2023,,发布于 北京,False,1000000,68764,246142,当我推开舞蹈教室的门……[冲鸭][冲鸭] ,[],[],[],[],[],[],[]
4943836902065236,4943836902065236,Fri Sep 08 23:13:52 +0800 2023,微博视频号,发布于 北京,False,1000000,58141,228673,偷溜计划——出门溜达了一圈儿哈哈哈哈哈哈哈#今天星期五# TF家族-张泽禹的微博视频 ,[],['#今天星期五#'],['[嘻嘻]'],[],[],[],[]
4942388113707744,4942388113707744,Mon Sep 04 23:16:54 +0800 2023,,发布于 北京,False,1000000,107257,265145,头发又长长了🫠#元气开学季# ,[],['#元气开学季#'],[],[],[],[],[]
4941661514240013,4941661514240013,Sat Sep 02 23:09:39 +0800 2023,,发布于 北京,False,1000000,101985,279115,外面好大一个闪电#元气开学季# ,[],['#元气开学季#'],"['[单身狗]', '[单身狗]']",[],[],[],[]
4940269726204248,4940269726204248,Wed Aug 30 02:59:11 +0800 2023,TF家族超话,发布于 北京,False,1000000,129313,296457,TF家族 不好意思来晚了 张小宝的TMI时间[冲鸭]#tf家族三代与你sayhello##元气开学季# TF家族-张泽禹的微博视频 ,[],"['#tf家族三代与你sayhello#', '#元气开学季#']",[],['TF家族'],[],[],[]
4940170295252138,4940170295252138,Tue Aug 29 20:24:05 +0800 2023,TF家族超话,发布于 北京,False,1000000,1000000,1279397,TF家族 哈喽又是我👀hello hello！今天是我们的“anniversary”！我是TF家族-张泽禹#TF家族三代与你sayHello##超有话聊# ,[],"['#TF家族三代与你sayHello#', '#超有话聊#']",[],['TF家族'],[],[],[]
4938392996947865,4938392996947865,Thu Aug 24 22:41:44 +0800 2023,微博视频号,发布于 重庆,False,1000000,159701,406914,沉浸式体验👀 TF家族-张泽禹的微博视频 ,[],[],[],[],[],[],[]
4937995595287700,4937995595287700,Wed Aug 23 20:22:35 +0800 2023,,发布于 重庆,False,1000000,132934,426696,滑雪day ,[],[],[],[],[],[],[]
4936531423266094,4936531423266094,Sat Aug 19 19:24:30 +0800 2023,,发布于 重庆,False,1000000,137986,394677,骑车day✌️ ,[],[],[],[],[],[],[]
4935379058431587,4935379058431587,Wed Aug 16 15:05:25 +0800 2023,,发布于 北京,False,1000000,160220,765662,这个本来准备在舞台上展示🎸结果试了一下 把无线收音都甩掉了 只能在后台浅浅展示一下！！另外呢，记录了一些日常碎片分享，很O!K#夏日青春派对# ,[],['#夏日青春派对#'],"['[允悲]', '[允悲]']",[],[],[],[]
4934639657685362,4934639657685362,Mon Aug 14 14:07:18 +0800 2023,,发布于 辽宁,False,1000000,131942,470547,“好朋友”们 先说跟大连说拜👀#tf家族登陆计划让我们不顾一切# ,[],['#tf家族登陆计划让我们不顾一切#'],[],[],[],[],[]
4932510394618542,4932510394618542,Tue Aug 08 17:06:22 +0800 2023,,发布于 北京,False,1000000,198061,620972, ,[],[],['[裂开]'],[],[],[],[]
4932190003268950,4932190003268950,Mon Aug 07 19:53:15 +0800 2023,,发布于 北京,False,1000000,114043,376154,“新的风暴已出现” ,[],[],[],[],[],[],[]
4932109787989082,4932109787989082,Mon Aug 07 14:34:30 +0800 2023,,发布于 北京,False,1000000,107776,342015,音符的声音在雨水声中交织，始终奔跑在青春岁月里。不顾一切去感受，去“疯狂”，热烈整个夏日。我是TF家族-张泽禹，TF家族《登陆计划》系列演唱会第三站“让我们不顾一切”，一起解锁新的城市回忆！#tf家族登陆计划让我们不顾一切# ,[],['#tf家族登陆计划让我们不顾一切#'],[],[],[],[],[]
4929703582633059,4929703582633059,Mon Jul 31 23:13:06 +0800 2023,,发布于 北京,False,1000000,131727,341225,眨眨眼 要到八月了[冲鸭]#一条plog告别七月# ,[],['#一条plog告别七月#'],[],[],[],[],[]
4929322441255960,4929322441255960,Sun Jul 30 21:58:35 +0800 2023,,发布于 北京,False,1000000,105717,323216,分享日常碎片咯 ,[],[],['[比耶]'],[],[],[],[]
4928212741922196,4928212741922196,Thu Jul 27 20:29:02 +0800 2023,,发布于 北京,False,1000000,92742,313981,想发博但是不知道拍点啥🎸#夏日青春派对# ,[],['#夏日青春派对#'],['[单身狗]'],[],[],[],[]
4927806624500836,4927806624500836,Wed Jul 26 17:35:16 +0800 2023,,发布于 北京,False,1000000,82479,314334,先分享一波库存[冲鸭] 回来以后就是抓紧时间好好休息了一会儿… ,[],[],[],[],[],[],[]
4927036244363330,4927036244363330,Mon Jul 24 14:34:03 +0800 2023,TF家族超话,发布于 广东,False,1000000,1000000,1249927,TF家族 这次广州的演唱会也终于是结束啦，这次的压力比上一次还是要大了不少的，从筹备的时间到每个节目的内容来说，其实都有很大的挑战，我们有的节目甚至只上了半个小时的课不知道呈现给大家是怎么样的效果，也不知道大家还满不满意我们这第一次在外地开演唱会的效果。广州这个地方嘛 ...全文,[],[],['[允悲]'],['TF家族'],[],[],[]
4926436492971043,4926436492971043,Sat Jul 22 22:50:51 +0800 2023,,发布于 广东,False,1000000,84137,408171,哈喽！又是我👀  一定！一定！好好休息！不要在场馆附近溜达溜达了，明天现场见好吗O！K#tf家族登陆计划生于火焰演唱会# ,[],['#tf家族登陆计划生于火焰演唱会#'],[],[],[],[],[]
4923530678636499,4923530678636499,Fri Jul 14 22:24:11 +0800 2023,,发布于 北京,False,1000000,140486,268997,七月快过半了[冲鸭]时间过得好快！#tf家族登陆计划生于火焰演唱会# ,[],['#tf家族登陆计划生于火焰演唱会#'],[],[],[],[],[]
4923525830550854,4923525830550854,Fri Jul 14 22:04:55 +0800 2023,,发布于 北京,False,1000000,125431,265896,🧽👶🏻🎂 ,[],[],[],[],[],[],[]
4922451491818188,4922451491818188,Tue Jul 11 22:55:53 +0800 2023,,发布于 北京,False,1000000,128166,300368,外面突然闪电了啊啊啊 ,[],[],['[单身狗]'],[],[],[],[]
4922379195911675,4922379195911675,Tue Jul 11 18:08:36 +0800 2023,,发布于 北京,False,1000000,103568,268919,生于火焰，生来无畏。我是TF家族-张泽禹，O！K了吗？我们广州见👀#tf家族登陆计划生于火焰演唱会# ,[],['#tf家族登陆计划生于火焰演唱会#'],[],[],[],[],[]
4920811779788579,4920811779788579,Fri Jul 07 10:20:15 +0800 2023,,发布于 北京,False,98000,7028,76200,牢记历史，缅怀同胞，生生不息，吾辈自强。#86年前的今天永远不能忘#,[],['#86年前的今天永远不能忘#'],[],[],[],[],[]
4920655068529839,4920655068529839,Thu Jul 06 23:57:32 +0800 2023,,发布于 北京,False,1000000,145048,271825,好久没见 唠嗑点儿有意思儿的事儿👀#向美好生活出发# ,[],['#向美好生活出发#'],[],[],[],[],[]
4916310247475898,4916310247475898,Sun Jun 25 00:12:46 +0800 2023,,发布于 北京,False,1000000,207677,317996,[冲鸭]有点难啊啊啊#tf家族一起去做的n件事# ,[],['#tf家族一起去做的n件事#'],[],[],[],[],[]
4915564512548222,4915564512548222,Thu Jun 22 22:49:29 +0800 2023,微博视频号,发布于 北京,False,1000000,129277,285014,哈喽大家好！👀甜咸“纷争”应该是略胜一筹，[甜粽党]派很O！K，还有啊啊啊谁吃[咸粽党]跟谁急#端午粽意你# TF家族-张泽禹的微博视频 ,[],['#端午粽意你#'],['[单身狗]'],[],[],[],[]
4915169869961903,4915169869961903,Wed Jun 21 20:41:19 +0800 2023,,发布于 北京,False,1000000,123950,286729,再分享一下那天拍的月亮🌙#陪你度过最长白昼# ,[],['#陪你度过最长白昼#'],[],[],[],[],[]
4911942071748392,4911942071748392,Mon Jun 12 22:55:12 +0800 2023,,发布于 北京,False,1000000,85748,253762,哈喽我来了 看！我家猫在看我👀 ,[],[],[],[],[],[],[]
4911552241078427,4911552241078427,Sun Jun 11 21:06:09 +0800 2023,,发布于 北京,False,1000000,110639,241222,观影时间开始“补课”了 ,[],[],"['[浩克]', '[美国队长]', '[单身狗]']",[],[],[],[]
4910103697032701,4910103697032701,Wed Jun 07 21:10:09 +0800 2023,,发布于 北京,False,1000000,130016,321690,皮一下🤣🤣[冲鸭] ,[],[],[],[],[],[],[]
4909027202436339,4909027202436339,Sun Jun 04 21:52:33 +0800 2023,,发布于 北京,False,1000000,82387,247583,这边晚上还挺凉快的👀 透透气 ,[],[],[],[],[],[],[]
4908294394615876,4908294394615876,Fri Jun 02 21:20:38 +0800 2023,,发布于 北京,False,1000000,93395,233907,好开心啊啊啊 跟着音乐来一起唱！#tf家族一起去做的n件事##今天星期五# ,[],"['#tf家族一起去做的n件事#', '#今天星期五#']",['[比耶]'],[],[],[],[]
4907952588725952,4907952588725952,Thu Jun 01 22:42:25 +0800 2023,,发布于 北京,False,1000000,133491,270331,[冲鸭] 过儿童节还是得有个小小的仪式感#今天可爱吉了# ,[],['#今天可爱吉了#'],[],[],[],[],[]
4907638657647565,4907638657647565,Thu Jun 01 01:54:58 +0800 2023,微博视频号,发布于 北京,False,1000000,112701,299997,激动的睡不着[冲鸭]💤 ,[],[],['[单身狗]'],[],[],[],[]
4907608887264837,4907608887264837,Wed May 31 23:56:40 +0800 2023,,发布于 北京,False,1000000,110284,289332,看爽了 嗓子唱哑了 五月的最后一天完美了👀 ,[],[],[],[],[],[],[]
4907110845909071,4907110845909071,Tue May 30 14:57:38 +0800 2023,,发布于 北京,False,1000000,7290,65374,向航天英雄们致敬，无比骄傲！一切顺利！,[],[],[],[],[],[],[]
4906514164484605,4906514164484605,Sun May 28 23:26:38 +0800 2023,微博视频号,发布于 重庆,False,1000000,83600,224718,吃自助餐遇到一个很眼熟的兄弟“拼桌”👀 TF家族-张泽禹的微博视频 ,[],[],[],[],[],[],[]
4906097436264442,4906097436264442,Sat May 27 19:50:42 +0800 2023,,发布于 重庆,False,1000000,81318,217561,唠嗑一下最近的事儿👀#tf家族一起去做的n件事# ,[],['#tf家族一起去做的n件事#'],[],[],[],[],[]
4903982075481321,4903982075481321,Sun May 21 23:45:01 +0800 2023,,发布于 重庆,False,1000000,109377,229692,中宝熊来了 说晚安喽喽喽喽喽喽👀#tf家族521喜欢你# ,[],['#tf家族521喜欢你#'],[],[],[],[],[]
4903980595677709,4903980595677709,Sun May 21 23:39:08 +0800 2023,,发布于 重庆,False,1000000,87164,197805,今天也要快乐啊啊哈哈哈哈哈👀添置新物品O！K  #TF家族521喜欢你# ,[],['#TF家族521喜欢你#'],[],[],[],[],[]
4903575207022940,4903575207022940,Sat May 20 20:48:16 +0800 2023,,发布于 重庆,False,1000000,49739,198638,🛵我骑上了啊啊啊很O！K#tf家族一起去做的n件事##520礼物# ,[],"['#tf家族一起去做的n件事#', '#520礼物#']",[],[],[],[],[]
4903541460701555,4903541460701555,Sat May 20 18:34:10 +0800 2023,,发布于 重庆,False,1000000,71597,227397,中宝“打零工”的一天📸记录#520礼物# ,[],['#520礼物#'],[],[],[],[],[]
4903539069421209,4903539069421209,Sat May 20 18:24:40 +0800 2023,微博视频号,发布于 重庆,False,1000000,194570,425407, 哈喽又是我！完成了O！K 准备了一个有意思的小惊喜——《问风》Cover当时听到这首歌的时候就很喜欢，对于我来说也是一次挑战，争取每一次都可以更好！也希望你们可以喜欢久等的小惊喜🎁再唠嗑唠嗑拍摄期间的故事吧。首先呢，上午去了“中宝火锅店”的后厨，🎶我是一名洗碗中宝，刷盘子刷刷刷 ...全文,[],[],[],[],[],[],[]
4903192070193287,4903192070193287,Fri May 19 19:25:48 +0800 2023,,发布于 重庆,False,1000000,144661,261358,🎸🎶 O！K了 ,[],[],[],[],[],[],[]
4901653646148144,4901653646148144,Mon May 15 13:32:40 +0800 2023,,发布于 重庆,False,1000000,126972,335405,昨天看到一个招聘信息…很开心 马上有新工作了👀O！K ,[],[],[],[],[],[],[]
4901419398205830,4901419398205830,Sun May 14 22:01:51 +0800 2023,,发布于 重庆,False,1000000,100433,264800,用自己独特的画技来表达对妈妈的爱！#给妈妈的情书# ,[],['#给妈妈的情书#'],[],[],[],[],[]
4901077847641520,4901077847641520,Sat May 13 23:24:39 +0800 2023,,发布于 重庆,False,1000000,86241,254035,海口回忆——喽喽喽喽喽喽野生动物园溜达了一圈 收到了纪念品✌🏻️#tf家族一起去做的n件事# ,[],['#tf家族一起去做的n件事#'],['[嘻嘻]'],[],[],[],[]
4900548472473216,4900548472473216,Fri May 12 12:21:06 +0800 2023,,发布于 重庆,False,95910,6421,81891,铭记历史，缅怀同胞。致敬重生，勇毅前行。,[],[],[],[],[],[],[]
4899962595055754,4899962595055754,Wed May 10 21:33:02 +0800 2023,,发布于 重庆,False,1000000,72968,241277,很突然 蹦哒了一下啊哈哈哈哈 ,[],[],[],[],[],[],[]
4898896872210582,4898896872210582,Sun May 07 22:58:13 +0800 2023,,发布于 重庆,False,1000000,80611,240514,一场说走就走的旅行，即使有不确定性，那也算是回忆里的一部分，不被束缚，自由自在。呀！吼！👀#tf家族一起去做的n件事# ,[],['#tf家族一起去做的n件事#'],[],[],[],[],[]
4898475240854175,4898475240854175,Sat May 06 19:02:49 +0800 2023,,发布于 海南,False,1000000,104393,267332,好多开心回忆✌🏻️再分享一下手机拍摄的月食作品哈哈哈哈👀#立夏# ,[],['#立夏#'],[],[],[],[],[]
4898096728770928,4898096728770928,Fri May 05 17:58:45 +0800 2023,,发布于 海南,False,1000000,63279,234846,很O！K啊啊累死我了呀呀啊啊 ,[],[],[],[],[],[],[]
4896285105067466,4896285105067466,Sun Apr 30 18:00:00 +0800 2023,微博网页版,发布于 重庆,False,1000000,112445,1384130,和兄弟们也一起过了开心的生日，感谢兄弟们准备的礼物，因不可抗力因素来迟了很不好意思😞张中宝请客吃顿好的👌大家的祝福也收到了，谢谢谢谢！ ,[],[],[],[],[],[],[]
4896262456087254,4896262456087254,Sun Apr 30 16:30:00 +0800 2023,微博网页版,发布于 重庆,False,1000000,103554,523262,哈喽又是我，十六岁的张小宝、张中宝、大禹又出现在你的手机里✌🏻️跟十五岁的自己say bye-bye开心告别嘿嘿。本来呢，准备了一个有意思的小惊喜，但是想准备充分一点，只能等等了，和大家晚点再分享这份惊喜。（👀）再唠嗑唠嗑去成都一日游的故事吧。这是一次说走就走的旅行，一大早带好身份证 ...全文,[],[],[],[],[],[],[]
4896254486119177,4896254486119177,Sun Apr 30 15:58:20 +0800 2023,微博视频号,发布于 重庆,False,1000000,100126,297341,上班之前和妈妈一起过了生日👀还有准备的有意思的歌要晚点和大家见面了！ TF家族-张泽禹的微博视频 ,[],[],[],[],[],[],[]
4896036432905366,4896036432905366,Sun Apr 30 01:31:52 +0800 2023,生日动态,,False,1000000,68976,139310, ,[],[],[],[],[],[],[]
4895988961510654,4895988961510654,Sat Apr 29 22:23:14 +0800 2023,TF家族超话,发布于 重庆,False,1000000,547003,1227161,TF家族 唠会儿嗑👀#tf家族蝴蝶效应特别记录##超有话聊# ,[],"['#tf家族蝴蝶效应特别记录#', '#超有话聊#']",[],['TF家族'],[],[],[]
4895259441760176,4895259441760176,Thu Apr 27 22:04:23 +0800 2023,,发布于 重庆,False,1000000,55495,235618,记录一下👀 ,[],[],[],[],[],[],[]
4893839703412564,4893839703412564,Mon Apr 24 00:02:51 +0800 2023,,发布于 重庆,False,1000000,61070,269222,那个华山爬起真的累！🤨 ,[],[],[],[],[],[],[]
4893787681986055,4893787681986055,Sun Apr 23 20:36:08 +0800 2023,,发布于 重庆,True,1000000,42201,240595,看了兵马俑和大型史诗级表演《复活的军团》，被两千多年前的先人所震撼，并在现场有幸见到秦俑第一发现人杨高建老人！ ,[],[],[],[],[],[],[]
4893419917280959,4893419917280959,Sat Apr 22 20:14:46 +0800 2023,,发布于 重庆,False,1000000,42850,219804,去了鼓楼 钟楼没去🤣吃了泡馍 自己掰的哈哈哈！还去了城墙👀还看了大雁塔的喷泉表演！ ,[],[],[],[],[],[],[]
4892016158184391,4892016158184391,Tue Apr 18 23:16:44 +0800 2023,,发布于 北京,False,1000000,54793,272866,出来玩遇到个很眼熟的哥们 ,[],[],[],[],[],[],[]
4891578059723854,4891578059723854,Mon Apr 17 18:15:53 +0800 2023,,发布于 重庆,False,1000000,54474,263406,这次的演唱会结束啦 我们大家准备的也有一段时间了 当时上场之前还是有点紧张的 但是看到观众朋友的热情就瞬间感觉没有那么紧张了 总体来说感觉这一次时隔三年的第一个线下舞台还算蛮成功的 发挥的还不错 但是也有一些小失误的地方和突发的事情 还好问题不算太大 都解决掉了！希望下一次演唱会 ...全文,[],[],['[偷笑]'],[],[],[],[]
4890393311184661,4890393311184661,Fri Apr 14 11:48:07 +0800 2023,,发布于 重庆,False,1000000,20258,128161,哈喽又是我，循环听歌了吗？👀Looking for looking for looking for,[],[],[],[],[],[],[]
4888950525662430,4888950525662430,Mon Apr 10 12:15:00 +0800 2023,微博视频号,发布于 重庆,False,1000000,47128,164794,👑<回忆篇章>看完四十四次日落那一天后，我也爱上了日落。I heard the echo🦋#TF家族登陆计划蝴蝶效应演唱会# TF家族-张泽禹的微博视频 ,[],['#TF家族登陆计划蝴蝶效应演唱会#'],[],[],[],[],[]
4888746559799815,4888746559799815,Sun Apr 09 22:44:31 +0800 2023,微博视频号,发布于 重庆,False,1000000,52093,206221,哈喽大家好 又是我！今天给大家跳一小段👀 TF家族-张泽禹的微博视频 ,[],[],[],[],[],[],[]
4888588137272056,4888588137272056,Sun Apr 09 12:15:00 +0800 2023,微博视频号,发布于 重庆,False,1000000,36346,175409,B.A.O的一份小心意🎁谢谢你，愿意为我而来。我们，现场见！🦋这是一份陪伴了我很久的礼物，支撑着这把电吉他的使命。#TF家族登陆计划蝴蝶效应演唱会# TF家族-张泽禹的微博视频 ,[],['#TF家族登陆计划蝴蝶效应演唱会#'],[],[],[],[],[]
4887949646499702,4887949646499702,Fri Apr 07 17:57:52 +0800 2023,微博视频号,发布于 重庆,False,1000000,54211,245193,距离这一天我们等待了1089天和你约定的见面终于要实现🦋我是TF家族-张泽禹，这一次来现场感受快乐时光吧！#TF家族登陆计划蝴蝶效应演唱会# TF家族-张泽禹的微博视频 ,[],['#TF家族登陆计划蝴蝶效应演唱会#'],[],[],[],[],[]
4887310664990946,4887310664990946,Wed Apr 05 23:38:46 +0800 2023,,发布于 重庆,False,1000000,49685,189365,🎧🎶👀 ,[],[],[],[],[],[],[]
4885851794836593,4885851794836593,Sat Apr 01 23:01:45 +0800 2023,微博视频号,发布于 重庆,False,1000000,63622,242946,🧽👶🏻今天是开心的漏勺儿 OK！#真的还是假的# TF家族-张泽禹的微博视频 ,[],['#真的还是假的#'],[],[],[],[],[]
4885847835414145,4885847835414145,Sat Apr 01 22:46:01 +0800 2023,,发布于 重庆,False,1000000,41358,195628,传递开心 愚人节快乐👀#tf家族一起去做的n件事##真的还是假的# ,[],"['#tf家族一起去做的n件事#', '#真的还是假的#']",[],[],[],[],[]
4883680025645547,4883680025645547,Sun Mar 26 23:11:55 +0800 2023,,发布于 重庆,False,1000000,88913,231098,📸拍完麻溜收拾好了 睡了💤 ,[],[],[],[],[],[],[]
4883294221003345,4883294221003345,Sat Mar 25 21:38:52 +0800 2023,,发布于 重庆,False,1000000,62625,201952,速速得分 O！K 户外奔跑量还是可以👀#tf家族一起去做的n件事# ,[],['#tf家族一起去做的n件事#'],[],[],[],[],[]
4882229803091839,4882229803091839,Wed Mar 22 23:09:15 +0800 2023,,发布于 重庆,False,1000000,78904,254827,今天在河边蹴溜，摔了我的波棱盖，卡秃噜皮了一小块儿，不过人没事儿，It's ok！！！！！ ,[],[],[],[],[],[],[]
4881506013285523,4881506013285523,Mon Mar 20 23:13:10 +0800 2023,,发布于 重庆,False,1000000,63031,232839,哈喽又是我，运气挺好的！抽到挺多特别的（🧽👶🏻） ,[],[],[],[],[],[],[]
4880791018674061,4880791018674061,Sat Mar 18 23:52:02 +0800 2023,,发布于 重庆,False,1000000,69642,201445,这是一次比较特别的穿搭体验#tf家族一起去做的n件事# ,[],['#tf家族一起去做的n件事#'],['[允悲]'],[],[],[],[]
4880404194529413,4880404194529413,Fri Mar 17 22:14:56 +0800 2023,,发布于 重庆,False,1000000,54552,233456,最近买了一样东西 不当漏勺儿🤫晚点分享 ,[],[],[],[],[],[],[]
4880070408410447,4880070408410447,Fri Mar 17 00:08:35 +0800 2023,,发布于 重庆,False,1000000,49945,257688,突发奇想👀 评论见 ,[],[],[],[],[],[],[]
4878236746783103,4878236746783103,Sat Mar 11 22:42:16 +0800 2023,,发布于 重庆,False,1000000,125154,268525,🫴👀🤜吼！哈！ ,[],[],[],[],[],[],[]
4877171342447318,4877171342447318,Thu Mar 09 00:08:44 +0800 2023,微博视频号,发布于 重庆,False,1000000,99162,292639,哈喽又是我 分享给大家听 我最近的练习曲👀 TF家族-张泽禹的微博视频 ,[],[],[],[],[],[],[]
4875720336080934,4875720336080934,Sun Mar 05 00:02:56 +0800 2023,,发布于 重庆,False,1000000,88480,239080,🎶🎤再等等 ,[],[],[],[],[],[],[]
4875719387127084,4875719387127084,Sat Mar 04 23:59:11 +0800 2023,,发布于 重庆,False,1000000,65216,192438,模仿了一下（🧽👶🏻）的声音，大家可以猜猜👀#tf家族一起去做的n件事# ,[],['#tf家族一起去做的n件事#'],[],[],[],[],[]
4874973246131487,4874973246131487,Thu Mar 02 22:34:17 +0800 2023,,发布于 重庆,False,1000000,60752,263111,给大家先看几张我觉得很帅的收藏！✌️ ,[],[],[],[],[],[],[]
4873516212559376,4873516212559376,Sun Feb 26 22:04:33 +0800 2023,,发布于 重庆,False,1000000,98007,263902,头发长长了一点点🤔终于！ ,[],[],[],[],[],[],[]
4873162963552785,4873162963552785,Sat Feb 25 22:40:52 +0800 2023,,发布于 重庆,False,1000000,62121,236458,👀 谢谢兄弟们请客！很O！K#tf家族一起去做的n件事# ,[],['#tf家族一起去做的n件事#'],[],[],[],[],[]
4872436674466838,4872436674466838,Thu Feb 23 22:34:51 +0800 2023,微博视频号,发布于 重庆,False,1000000,73554,265736,唠唠嗑儿👀 TF家族-张泽禹的微博视频 ,[],[],[],[],[],[],[]
4870633004991681,4870633004991681,Sat Feb 18 23:07:43 +0800 2023,,发布于 重庆,False,1000000,125046,249952,还是！很O！K！兄弟们先谢谢了👀#tf家族一起去做的n件事# ,[],['#tf家族一起去做的n件事#'],[],[],[],[],[]
4870262326037297,4870262326037297,Fri Feb 17 22:34:46 +0800 2023,,发布于 重庆,False,1000000,82586,252644,又添置了一些摆件儿 O！K ,[],[],[],[],[],[],[]
4869190542427156,4869190542427156,Tue Feb 14 23:35:53 +0800 2023,,发布于 重庆,False,1000000,93767,255281,今天吃了好多美食 刷新了我对辣椒的新认知🤨 ,[],[],['[月亮]'],[],[],[],[]
4868467784681723,4868467784681723,Sun Feb 12 23:43:54 +0800 2023,微博视频号,发布于 重庆,False,1000000,70350,229585,分享一件开心的事儿👀 TF家族-张泽禹的微博视频 ,[],[],[],[],[],[],[]
4868463972324447,4868463972324447,Sun Feb 12 23:28:45 +0800 2023,,发布于 重庆,False,1000000,63663,195610,想再玩儿一次2.0！#tf家族一起去做的n件事# ,[],['#tf家族一起去做的n件事#'],[],[],[],[],[]
4867716474735123,4867716474735123,Fri Feb 10 21:58:28 +0800 2023,,发布于 重庆,False,1000000,78023,259949,开学快乐👀 最近好像也没啥特别的事儿能分享的，下班✌️ ,[],[],[],[],[],[],[]
4866272992959915,4866272992959915,Mon Feb 06 22:22:35 +0800 2023,,发布于 重庆,False,1000000,91479,255890,感受了重庆的雨夹雪🌨#tf家族2023新年音乐会瞬间# ,[],['#tf家族2023新年音乐会瞬间#'],[],[],[],[],[]
4865924161865428,4865924161865428,Sun Feb 05 23:16:27 +0800 2023,,发布于 重庆,False,1000000,67000,234247,一颗颗大汤圆 选了芝麻馅儿的 不错O！K （对了！今天还尝试了蟹黄拌饭👀😋）#萌兔闹元宵# ,[],['#萌兔闹元宵#'],[],[],[],[],[]
4865563354990364,4865563354990364,Sat Feb 04 23:22:44 +0800 2023,,发布于 重庆,False,1000000,69891,261855,哎呀#一条微博欢迎春天# ,[],['#一条微博欢迎春天#'],['[允悲]'],[],[],[],[]
4864841745435587,4864841745435587,Thu Feb 02 23:35:19 +0800 2023,,发布于 重庆,False,1000000,98184,285387,给装修好的房间添置了一盏新台灯 合理运用起来了👌哈哈哈哈 ,[],[],['[月亮]'],[],[],[],[]
4864784036532259,4864784036532259,Thu Feb 02 19:46:00 +0800 2023,,发布于 重庆,False,1000000,69417,401305,哈喽又是我 我带着拼好的马里奥出现在了你的手机里👀 #tf家族2023新年音乐会瞬间# ,[],['#tf家族2023新年音乐会瞬间#'],[],[],[],[],[]
4862664071975539,4862664071975539,Fri Jan 27 23:22:01 +0800 2023,,发布于 重庆,False,1000000,106716,287522,哈喽又是我 🦁小宝#tf家族兔年瞬间# ,[],['#tf家族兔年瞬间#'],[],[],[],[],[]
4862153557805402,4862153557805402,Thu Jan 26 13:33:25 +0800 2023,微博视频号,发布于 重庆,False,1000000,70898,309362,哈喽又是我👀其实 我还准备了一个表演节目！请看！ TF家族-张泽禹的微博视频 ,[],[],[],[],[],[],[]
4861901840587050,4861901840587050,Wed Jan 25 20:53:11 +0800 2023,微博视频号,发布于 重庆,False,1000000,56880,296065,在结了冰的松花江上遛弯儿👀🧊#tf家族兔年瞬间# TF家族-张泽禹的微博视频 ,[],['#tf家族兔年瞬间#'],[],[],[],[],[]
4861847264825536,4861847264825536,Wed Jan 25 17:16:19 +0800 2023,,发布于 重庆,False,1000000,23252,148851,这可能算作一次新的尝试，我喜欢新的尝试。其实内容我们还纠结了很多版，大家在分享的时候，还是觉得和以前不一样了，感触不只是小孩子的那种，可能我们真的长大了一点。在最后这个段落，我们觉得要是有观众就想走到面前一起唱，想象了那一瞬间觉得特别燃！唱的感觉就是想鼓励别人的时候也鼓励到自己了,[],[],[],[],[],[],[]
4861579601117958,4861579601117958,Tue Jan 24 23:32:43 +0800 2023,,发布于 重庆,False,1000000,32855,210946,非常不错O！K#tf家族兔年瞬间##兔年大吉# ,[],"['#tf家族兔年瞬间#', '#兔年大吉#']",[],[],[],[],[]
4861539561248571,4861539561248571,Tue Jan 24 20:53:37 +0800 2023,TF家族超话,发布于 重庆,False,1000000,376326,1082226,TF家族 O！K 我来了#tf家族兔年瞬间##兔年大吉# ,[],"['#tf家族兔年瞬间#', '#兔年大吉#']",[],['TF家族'],[],[],[]
4861205098796941,4861205098796941,Mon Jan 23 22:44:35 +0800 2023,,发布于 重庆,False,1000000,64444,263276,张中宝吃了几块橘柑👀#tf家族兔年瞬间# ,[],['#tf家族兔年瞬间#'],[],[],[],[],[]
4861159843299683,4861159843299683,Mon Jan 23 19:44:44 +0800 2023,,发布于 重庆,False,1000000,60081,281633,今天滑雪去了😏#tf家族兔年瞬间##兔年大吉# ,[],"['#tf家族兔年瞬间#', '#兔年大吉#']",[],[],[],[],[]
4860844296899119,4860844296899119,Sun Jan 22 22:50:53 +0800 2023,,发布于 重庆,False,1000000,48847,234766,是cu莓oh（语气上扬版）👀#tf家族兔年瞬间# 🍓#兔年大吉# ,[],"['#tf家族兔年瞬间#', '#兔年大吉#']",[],[],[],[],[]
4860480402758587,4860480402758587,Sat Jan 21 22:44:54 +0800 2023,,发布于 江苏,False,1000000,60711,259545,包饺子了！紫的是紫薯 粉的火龙果 绿的菠菜 黄的南瓜……#tf家族兔年瞬间##兔年大吉# ,[],"['#tf家族兔年瞬间#', '#兔年大吉#']",[],[],[],[],[]
4860457653372265,4860457653372265,Sat Jan 21 21:14:30 +0800 2023,,发布于 江苏,False,1000000,47217,222765,都是我爱吃的菜👀 过年的氛围可热闹了！开开心心过除夕berberber#tf家族兔年瞬间##兔年大吉# ,[],"['#tf家族兔年瞬间#', '#兔年大吉#']",[],[],[],[],[]
4860418818842216,4860418818842216,Sat Jan 21 18:40:11 +0800 2023,,发布于 重庆,False,1000000,31155,197058,O！K！#tf家族一起去做的n件事# ,[],['#tf家族一起去做的n件事#'],[],[],[],[],[]
4860366985105433,4860366985105433,Sat Jan 21 15:14:13 +0800 2023,微博视频号,发布于 重庆,True,1000000,54549,275686,张小宝来拜年了👀兔年大吉！天天开心！我们一起包饺子！#tf家族兔年瞬间# 👀#兔年大吉# TF家族-张泽禹的微博视频 ,[],"['#tf家族兔年瞬间#', '#兔年大吉#']",['[鞭炮声声]'],[],[],[],[]
4860100873819178,4860100873819178,Fri Jan 20 21:36:47 +0800 2023,,发布于 重庆,False,1000000,67162,298158,📸❄️ ,[],[],[],[],[],[],[]
4860097803065374,4860097803065374,Fri Jan 20 21:24:35 +0800 2023,微博视频号,发布于 重庆,False,1000000,48959,302310,回家的感觉很O!K  遛弯儿去了（好冷🥶） TF家族-张泽禹的微博视频 ,[],[],[],[],[],[],[]
4859409379103338,4859409379103338,Wed Jan 18 23:49:02 +0800 2023,,发布于 重庆,False,1000000,93010,363678,回家过年 O！K！ 享受假期👀 ,[],[],['[月亮]'],[],[],[],[]
4857951132849984,4857951132849984,Sat Jan 14 23:14:29 +0800 2023,,发布于 重庆,False,1000000,115352,327294,连连看 张中宝 找不同👀#tf家族一起去做的n件事# ,[],['#tf家族一起去做的n件事#'],[],[],[],[],[]
4856493528320241,4856493528320241,Tue Jan 10 22:42:29 +0800 2023,微博视频号,发布于 重庆,False,1000000,160583,414688,简单溜达了一圈 捣鼓了一下，哈哈哈哈。 TF家族-张泽禹的微博视频 ,[],[],[],[],[],[],[]
4855415244849849,4855415244849849,Sat Jan 07 23:17:46 +0800 2023,,发布于 重庆,False,1000000,146347,322271,冬天的烤红薯真甜🍠#tf家族一起去做的n件事# ,[],['#tf家族一起去做的n件事#'],[],[],[],[],[]
4854337446610011,4854337446610011,Wed Jan 04 23:54:59 +0800 2023,微博视频号,发布于 重庆,False,1000000,122649,430912,早点休息 最近在准备一些东西👀 TF家族-张泽禹的微博视频 ,[],[],['[月亮]'],[],[],[],[]
4853233518385533,4853233518385533,Sun Jan 01 22:48:22 +0800 2023,,发布于 重庆,False,1000000,134888,382897,休息间隙在走廊上发现了它！新年新气象👀元旦节快乐#新年快乐# ,[],['#新年快乐#'],[],[],[],[],[]
4852884396843796,4852884396843796,Sat Dec 31 23:41:05 +0800 2022,,发布于 重庆,False,1000000,97221,306211,告别没有烦恼的2022年！新的一年里继续天天开心👀不开心的时候来看张小宝，开心的时候来看张中宝，大家和我一起感受我的快乐世界吧✌️ 和兄弟们一起吃了火锅，压了马路，玩了很多有趣的游戏，很O！K#2022我想对你说# ,[],['#2022我想对你说#'],[],[],[],[],[]
4850708266881963,4850708266881963,Sun Dec 25 23:33:55 +0800 2022,,发布于 重庆,False,1000000,88343,293096,摊煎饼果子的装修师傅👀 ,[],[],[],[],[],[],[]
4849579851256688,4849579851256688,Thu Dec 22 20:50:00 +0800 2022,,发布于 重庆,False,1000000,85172,333959,👀 那必须是猪肉大葱🥟 很O！K！ #冬至到来了# ,[],['#冬至到来了#'],[],[],[],[],[]
4846126903332449,4846126903332449,Tue Dec 13 08:09:13 +0800 2022,,发布于 重庆,False,4382,7739,79665,铭记历史，不能忘！不敢忘！吾辈当自强！,[],[],[],[],[],[],[]
4845260213848983,4845260213848983,Sat Dec 10 22:45:18 +0800 2022,,发布于 重庆,False,1000000,67749,239776,和兄弟们踢了一场球⚽ berberber#我的n宫格挑战# ,[],['#我的n宫格挑战#'],[],[],[],[],[]
4844901235426423,4844901235426423,Fri Dec 09 22:58:50 +0800 2022,微博视频号,发布于 重庆,False,1000000,75457,406852,👀很巧的是拍摄正好是赶上了生日那天，快乐记录了一下。#TFFamily 2Sides# TF家族-张泽禹的微博视频 ,[],['#TFFamily 2Sides#'],[],[],[],[],[]
4844832222356642,4844832222356642,Fri Dec 09 18:24:37 +0800 2022,微博视频号,发布于 重庆,False,1000000,106206,192840,音乐世界里叛逆沉默自我的少年，可以通过音乐来表达我的情绪。《2Sides》——《孩子气/Childish》Another side video record.#TFFamily 2Sides# TF家族-张泽禹的微博视频 ,[],['#TFFamily 2Sides#'],[],[],[],[],[]
4844823926539065,4844823926539065,Fri Dec 09 17:51:39 +0800 2022,,发布于 重庆,False,1000000,654019,572589,安静着一直听着歌。耳机与吉他，风筝与气球🎈 《2Sides》——Chapter.0430《孩子气/Childish》One side photo collection. #TFFamily 2Sides# ,[],['#TFFamily 2Sides#'],[],[],[],[],[]
4844816925991116,4844816925991116,Fri Dec 09 17:23:50 +0800 2022,微博视频号,发布于 重庆,False,1000000,114618,263048,快乐是我天生的DNA，我的孩子气🎈《2Sides》——《孩子气/Childish》One side video record. #TFFamily 2Sides# TF家族-张泽禹的微博视频 ,[],['#TFFamily 2Sides#'],[],[],[],[],[]
4844507528693422,4844507528693422,Thu Dec 08 20:54:24 +0800 2022,微博视频号,发布于 重庆,False,1000000,67443,327625,哈喽哈喽又是我👀抽盲盒记录 还是很O！K！ TF家族-张泽禹的微博视频 ,[],[],[],[],[],[],[]
4840130965937367,4840130965937367,Sat Nov 26 19:03:30 +0800 2022,,发布于 重庆,False,1000000,174437,353662,看看窗外👀（用了一下老师的相机📸） ,[],[],[],[],[],[],[]
4839751456137149,4839751456137149,Fri Nov 25 17:55:28 +0800 2022,,发布于 重庆,False,1000000,152587,337034,宅着耍个酷✌️🕶️ ,[],[],[],[],[],[],[]
4836097907234689,4836097907234689,Tue Nov 15 15:57:34 +0800 2022,,发布于 重庆,False,1000000,175476,374877,上网课休息间隙，老师说拍照记得把这个灯拿着，那就，，，拿着哈哈哈哈哈哈 ,[],[],['[doge]'],[],[],[],[]
4834761921006818,4834761921006818,Fri Nov 11 23:28:50 +0800 2022,,发布于 重庆,False,1000000,134025,348002,最近有空可以好好放松一下 看看喜欢的球赛⚽了！ ,[],[],[],[],[],[],[]
4832954004803335,4832954004803335,Sun Nov 06 23:44:49 +0800 2022,,发布于 重庆,False,1000000,170215,356723,哈喽 我是张牛奶 谢谢大家的支持👀TF剪那瑞行永远都在！ ,[],[],[],[],[],[],[]
4831500250122569,4831500250122569,Wed Nov 02 23:28:07 +0800 2022,,发布于 重庆,False,1000000,145775,352175,👀开心入睡 ,[],[],['[月亮]'],[],[],[],[]
4829676412080255,4829676412080255,Fri Oct 28 22:40:50 +0800 2022,微博视频号,发布于 重庆,False,1000000,150817,376217,哈喽又是我👀今天随意唠嗑唠嗑 TF家族-张泽禹的微博视频 ,[],[],['[月亮]'],[],[],[],[]
4828228126508538,4828228126508538,Mon Oct 24 22:45:52 +0800 2022,,发布于 重庆,True,1000000,134079,249610,出现在难忘的夏天记忆里🏕️👀🎆 #tf家族恭喜你发现了宝藏# ,[],['#tf家族恭喜你发现了宝藏#'],[],[],[],[],[]
4827488763250266,4827488763250266,Sat Oct 22 21:47:54 +0800 2022,,发布于 重庆,False,1000000,83073,232662,👀当时有一次在院子坝坝里，出现了一条菜花蛇！它也就路过了一下，没啥事儿，可能是闻到了烤肉串味儿太香了。还有就是和兄弟们一起爬上水渠的那一刻，心情还挺微妙的。#tf家族恭喜你发现了宝藏# ,[],['#tf家族恭喜你发现了宝藏#'],[],[],[],[],[]
4827107140571329,4827107140571329,Fri Oct 21 20:31:28 +0800 2022,,发布于 重庆,False,1000000,83567,283763,👀出现一下！ ,[],[],[],[],[],[],[]
4820975814969824,4820975814969824,Tue Oct 04 22:27:46 +0800 2022,微博视频号,发布于 重庆,False,1000000,162867,387412,哈喽又是我👀今天是断了弦的尤克里里DTTM😉 TF家族-张泽禹的微博视频 ,[],[],[],[],[],[],[]
4820615871862421,4820615871862421,Mon Oct 03 22:37:29 +0800 2022,,发布于 重庆,False,1000000,103608,280030,走着！慢速比赛！🚲一起逛街一起夜游 很O！K！#TF家族一起去做的N件事# ,[],['#TF家族一起去做的N件事#'],[],[],[],[],[]
4819672316512149,4819672316512149,Sat Oct 01 08:08:08 +0800 2022,,发布于 重庆,False,1000000,8156,74792,#庆祝新中国成立73周年#  祝福祖国，愿祖国繁荣昌盛，万家祥和！表白祖国，永远爱这抹中国红！🇨🇳,[],['#庆祝新中国成立73周年#'],['[心]'],[],[],[],[]
4819333760946137,4819333760946137,Fri Sep 30 09:42:50 +0800 2022,,发布于 重庆,False,67711,4847,60376,#烈士纪念日# 向英雄们致敬，生生不息，砥砺前行！,[],['#烈士纪念日#'],[],[],[],[],[]
4817730517604526,4817730517604526,Sun Sep 25 23:32:07 +0800 2022,微博视频号,发布于 重庆,False,1000000,118448,283211,突然发现了一把 随手试试还能用不👀 TF家族-张泽禹的微博视频 ,[],[],[],[],[],[],[]
4817376452019291,4817376452019291,Sun Sep 25 00:05:11 +0800 2022,微博视频号,发布于 重庆,False,1000000,132123,289076,是炎热的夏日里劳作以后第一杯可口的水#tf家族恭喜你发现了宝藏# TF家族-张泽禹的微博视频 ,[],['#tf家族恭喜你发现了宝藏#'],['[单身狗]'],[],[],[],[]
4817367157441360,4817367157441360,Sat Sep 24 23:28:15 +0800 2022,,发布于 重庆,False,1000000,93668,334652,那🍐 可甜了👀难忘的还是在山头的风景🏞#tf家族恭喜你发现了宝藏# ,[],['#tf家族恭喜你发现了宝藏#'],[],[],[],[],[]
4814946737065004,4814946737065004,Sun Sep 18 07:10:22 +0800 2022,,发布于 北京,False,5201,7854,83550,这一天不能忘，不敢忘！铭记历史，吾辈自强！,[],[],[],[],[],[],[]
4814828160419465,4814828160419465,Sat Sep 17 23:19:11 +0800 2022,,发布于 北京,False,1000000,106799,227549,掐菜解压小技巧🥬劳作开心一上午👀喂了猪兄理了菜🤨换好宝藏再出发哈哈哈哈哈哈哈#tf家族恭喜你发现了宝藏# ,[],['#tf家族恭喜你发现了宝藏#'],"['[招财嗅嗅]', '[丰收了]']",[],[],[],[]
4814826927034786,4814826927034786,Sat Sep 17 23:14:17 +0800 2022,,发布于 北京,False,1000000,53823,161728,🪵🌳🤨 ,[],[],[],[],[],[],[]
4814463201714322,4814463201714322,Fri Sep 16 23:08:58 +0800 2022,,发布于 北京,False,1000000,55944,221061,体能训练又可以多坚持一会会儿了🤨弹了很久忘了看时间也没觉得手疼了🤨认真听课做笔记的张中宝发现收获很多👀 ,[],[],['[月亮]'],[],[],[],[]
4813736546669195,4813736546669195,Wed Sep 14 23:01:30 +0800 2022,,发布于 北京,False,1000000,75333,241636,每天喝很多水🫧好好练习🎸🎤（头发确实很长了 剪完头发的张中宝 改天见👀）#我的镜头下# ,[],['#我的镜头下#'],[],[],[],[],[]
4812287695656700,4812287695656700,Sat Sep 10 23:04:17 +0800 2022,,发布于 重庆,False,1000000,76932,252173,哈喽张小宝又来了 双节快乐（🥮还是喜欢吃蛋黄味儿）今天的我 是一棵🌳#我的镜头下##陪你过中秋# ,[],"['#我的镜头下#', '#陪你过中秋#']",[],[],[],[],[]
4812279089207185,4812279089207185,Sat Sep 10 22:30:05 +0800 2022,微博视频号,发布于 重庆,False,1000000,65896,262398,哈喽张中宝出现了👀先跟大家说一声中秋节快乐你们吃🥮了吗？#我的镜头下# 🥮#陪你过中秋# TF家族-张泽禹的微博视频 ,[],"['#我的镜头下#', '#陪你过中秋#']",['[团圆月饼]'],[],[],[],[]
4811929811948530,4811929811948530,Fri Sep 09 23:22:11 +0800 2022,,发布于 重庆,False,1000000,62005,257249,🍎👀#我的镜头下# ,[],['#我的镜头下#'],[],[],[],[],[]
4810818933495302,4810818933495302,Tue Sep 06 21:47:57 +0800 2022,,发布于 重庆,True,1000000,96230,305480,下班👀做作业 #元气开学季# ,[],['#元气开学季#'],[],[],[],[],[]
4810395670545342,4810395670545342,Mon Sep 05 17:46:02 +0800 2022,,发布于 重庆,False,6092,9475,84751,愿平安🙏🙏🙏,[],[],[],[],[],[],[]
4810108799816020,4810108799816020,Sun Sep 04 22:46:08 +0800 2022,,发布于 重庆,False,1000000,60076,218246,快进⏩回到村里的第一天👀 热！但！开心#tf家族恭喜你发现了宝藏# ,[],['#tf家族恭喜你发现了宝藏#'],[],[],[],[],[]
4810100118131978,4810100118131978,Sun Sep 04 22:11:38 +0800 2022,,发布于 重庆,False,1000000,12785,84924,路回到从头 未必会更好走 也不会总一无所有 🎸,[],[],[],[],[],[],[]
4809543131334112,4809543131334112,Sat Sep 03 09:18:22 +0800 2022,,发布于 重庆,False,25880,8445,78784,铭记历史于心，珍惜来之不易的和平，向先烈们致敬！#铭记77年前的伟大胜利#,[],['#铭记77年前的伟大胜利#'],[],[],[],[],[]
4807954483909412,4807954483909412,Tue Aug 30 00:05:39 +0800 2022,,发布于 重庆,False,1000000,120735,287683,是我们第“陆”次进化论了，从最开始一次的进化论到现在也有四年了，这期间我感觉都有很多的进步，舞台经验也变足了。这次舞台在最开始battle环节发挥的不是很好，自己的状态还没有调整好，还在中考的那个氛围里面😟这也给了我敲了个警钟，要时刻调整自己的状态，能够从一个环境迅速调整到另一个环 ...全文,[],[],[],[],[],[],[]
4807886486634574,4807886486634574,Mon Aug 29 19:35:26 +0800 2022,TF家族超话,发布于 重庆,False,1000000,243062,1048155,TF家族 来自小宝的一封信📩OK！当你打开它，会看见我想说的话。👀#暑期超访大会##给TF家族回信# ,[],"['#暑期超访大会#', '#给TF家族回信#']",[],['TF家族'],[],[],[]
4807767560816338,4807767560816338,Mon Aug 29 11:42:53 +0800 2022,,发布于 重庆,False,1000000,16826,113394,跌倒的泪全部收起 留给散落的回忆🧩#TF家族新歌让我完整上线# 喜欢这首歌传递的情感，已收藏歌单👀,[],['#TF家族新歌让我完整上线#'],[],[],[],[],[]
4806817455014055,4806817455014055,Fri Aug 26 20:47:29 +0800 2022,,发布于 重庆,False,10291,13248,111363,义无反顾的逆行者，凝聚了最美的微光，照亮前行胜利的曙光！,[],[],[],[],[],[],[]
4805416736786244,4805416736786244,Tue Aug 23 00:01:33 +0800 2022,,发布于 重庆,False,1000000,117466,389873,✌️👀#tf少年进化论第六期# ,[],['#tf少年进化论第六期#'],[],[],[],[],[]
4805045075312759,4805045075312759,Sun Aug 21 23:24:41 +0800 2022,,发布于 重庆,False,1000000,100124,329150,楼梯间置景（库存）👀#tf少年进化论第六期# ,[],['#tf少年进化论第六期#'],[],[],[],[],[]
4802866092709127,4802866092709127,Mon Aug 15 23:06:12 +0800 2022,,发布于 重庆,False,1000000,176016,358564,哎呀 隐藏了一张胶片🎞️猜猜（用的老式相机📷）时间越来越紧迫了加油👀！#tf少年进化论第六期# ,[],['#tf少年进化论第六期#'],['[单身狗]'],[],[],[],[]
4802392854366683,4802392854366683,Sun Aug 14 15:45:43 +0800 2022,微博视频号,发布于 重庆,False,1000000,56999,389449,今天你听新歌了吗？👀#tf家族新歌灵魂冲浪# TF家族-张泽禹的微博视频 ,[],['#tf家族新歌灵魂冲浪#'],[],[],[],[],[]
4802360440263154,4802360440263154,Sun Aug 14 13:36:55 +0800 2022,,发布于 重庆,False,1000000,17511,147218,“被烦恼封住嘴巴，气压快爆炸，异次元按键在哪 ，一键传送我去吧。”😈😈😈😈😈#TF家族新歌灵魂冲浪#,[],['#TF家族新歌灵魂冲浪#'],[],[],[],[],[]
4802143342825005,4802143342825005,Sat Aug 13 23:14:15 +0800 2022,,发布于 重庆,False,1000000,142208,321057,左撇子就是要运用左手👀然后继续加油噢！O！K！#TF少年进化论第六期# ,[],['#TF少年进化论第六期#'],[],[],[],[],[]
4802107309298806,4802107309298806,Sat Aug 13 20:51:04 +0800 2022,,发布于 重庆,False,1000000,105400,277012,在天台的音乐会很特别 看着很美的夜景 （就是那晚上风刮得有点大💨）#花果三天台音乐会# ,[],['#花果三天台音乐会#'],[],[],[],[],[]
4801245238526908,4801245238526908,Thu Aug 11 11:45:29 +0800 2022,,发布于 广东,False,1000000,31237,168610,“自由，我们狂欢到深夜。” 很O！K！的回忆，听着蝉鸣看着星空。大家快来听歌🎶 #TF家族暑期新歌合集# 👀#TF家族新歌拜特闹#,[],"['#TF家族暑期新歌合集#', '#TF家族新歌拜特闹#']",[],[],[],[],[]
4800509016282499,4800509016282499,Tue Aug 09 11:00:01 +0800 2022,微博网页版,发布于 重庆,False,1000000,479837,433282,O！K！👀   “不怕路途中有困难阻挡，也要飞向，向往的地方。”——《毕业》📚  哈喽 我来了！这是我的第二首原创，和第一首的风格完全不一样，这次是把校园的日常生活，毕业前的回忆统统写进了这首歌里。灵感来源全部都是生活琐碎的小事儿，当这些小事儿经过时间的推移，回想起来，却是令人印象 ...全文,[],[],[],[],[],[],[]
4800316170834284,4800316170834284,Mon Aug 08 22:13:43 +0800 2022,,发布于 重庆,False,1000000,393072,450023,今天的窗外 很O!K!#尽兴生活# ,[],['#尽兴生活#'],[],[],[],[],[]
4799961092588695,4799961092588695,Sun Aug 07 22:42:46 +0800 2022,,发布于 重庆,False,1000000,240980,351797,哈喽 剪发后我来了#对夏天的库存照说拜拜# ,[],['#对夏天的库存照说拜拜#'],['[单身狗]'],[],[],[],[]
4799786379644277,4799786379644277,Sun Aug 07 11:08:31 +0800 2022,,发布于 北京,True,1000000,38322,177083,“谁像我，浪里淘沙，听这风雨都快意潇洒。” #TF家族暑期新歌合集#👀 #TF家族新歌将军话上线#　  查看图片,[],"['#TF家族暑期新歌合集#', '#TF家族新歌将军话上线#']",[],[],[],['查看图片'],['查看图片']
4798878483747823,4798878483747823,Thu Aug 04 23:00:52 +0800 2022,,发布于 重庆,False,1000000,940915,615275,没剪头发前的我 😌剪完头发后的我 （改天见bye！）#尽兴生活# ,[],['#尽兴生活#'],['[单身狗]'],[],[],[],[]
4798339109882417,4798339109882417,Wed Aug 03 11:17:35 +0800 2022,,发布于 重庆,False,1000000,16234,126035,#只有一个中国#,[],['#只有一个中国#'],[],[],[],[],[]
4797631988237520,4797631988237520,Mon Aug 01 12:27:44 +0800 2022,,发布于 重庆,False,574546,11674,107686,#解放军建军95周年# 感谢你们的守护，致敬最可爱的人，感恩。,[],['#解放军建军95周年#'],[],[],[],[],[]
4797078590718669,4797078590718669,Sat Jul 30 23:48:43 +0800 2022,,发布于 重庆,False,1000000,1000000,1000959,👀先睡了💤 有点累🧩-ኈ#TF少年进化论第六期# ,[],['#TF少年进化论第六期#'],[],[],[],[],[]
4795945965585369,4795945965585369,Wed Jul 27 20:48:05 +0800 2022,,发布于 重庆,False,1000000,473516,807661,午休时间和兄弟较量了一下 （啧啧啧）然后准备了一些东西（👀）在路上了O！K！#尽兴生活# ,[],['#尽兴生活#'],[],[],[],[],[]
4795201517786399,4795201517786399,Mon Jul 25 19:29:55 +0800 2022,微博视频号,发布于 重庆,False,1000000,363438,525709,哈喽又是我👀闲逛日记——偶遇大肥猫！这真是目前我见过最大的一只🐱挺可爱！#尽兴生活# TF家族-张泽禹的微博视频 ,[],['#尽兴生活#'],[],[],[],[],[]
4794535546718207,4794535546718207,Sat Jul 23 23:23:35 +0800 2022,,发布于 重庆,False,1000000,83056,326548,最近训练生活很充实，去看了“高空的夜景”👀偶遇了很肥很大只的猫🐱 不过就是呢，那场battle，本“哈尔滨舞王”没有上场，下次一定！#尽兴生活# ,[],['#尽兴生活#'],[],[],[],[],[]
4791994113852456,4791994113852456,Sat Jul 16 23:04:50 +0800 2022,,发布于 重庆,False,1000000,306811,465231,👀暂时没想到啥想分享的 等我想想再告诉你们#尽兴生活# ,[],['#尽兴生活#'],['[单身狗]'],[],[],[],[]
4789090215794868,4789090215794868,Fri Jul 08 22:45:47 +0800 2022,微博视频号,发布于 重庆,False,1000000,210446,384079,练练就睡觉了哈晚安#生活有星意# TF家族-张泽禹的微博视频 ,[],['#生活有星意#'],['[月亮]'],[],[],[],[]
4788536329113087,4788536329113087,Thu Jul 07 10:04:50 +0800 2022,,发布于 重庆,False,3352,5699,91730,#七七事变85年# 深刻缅怀先烈，历史不容忘，吾辈自强。,[],['#七七事变85年#'],[],[],[],[],[]
4788366598211177,4788366598211177,Wed Jul 06 22:50:23 +0800 2022,,发布于 重庆,False,1000000,93836,318744,哎呀 教室的隔音板儿快快恢复（）哎呀 剪了头发还不太习惯🤣哎呀 🔦🔦照明💡👀#生活有星意# ,[],['#生活有星意#'],['[单身狗]'],[],[],[],[]
4787289638568022,4787289638568022,Sun Jul 03 23:30:55 +0800 2022,,发布于 重庆,False,1000000,84149,307572,练完体能再放松的这一套流程下来我还很“OK”#生活有星意# ,[],['#生活有星意#'],['[苦涩]'],[],[],[],[]
4786368158630071,4786368158630071,Fri Jul 01 10:29:17 +0800 2022,,发布于 重庆,False,1000000,5940,84203,#香港回归祖国25周年#   祝福香港，祝福祖国。愿东方之珠更璀璨。,[],['#香港回归祖国25周年#'],[],[],[],[],[]
4785819330809439,4785819330809439,Wed Jun 29 22:08:27 +0800 2022,,发布于 重庆,False,1000000,130529,360789,很O！K！我回来了👀#生活有星意# ,[],['#生活有星意#'],[],[],[],[],[]
4779260227883699,4779260227883699,Sat Jun 11 19:44:55 +0800 2022,,发布于 重庆,False,1000000,212368,366903,📸广角镜头下手长两米👀夕阳下的风景很好看，拍这个树是因为它感觉被保护的很严实！#生活有星意# ,[],['#生活有星意#'],[],[],[],[],[]
4778936087086693,4778936087086693,Fri Jun 10 22:16:54 +0800 2022,,发布于 重庆,False,1000000,155518,337338,🚲透透气 又出来溜达一下#生活有星意# ,[],['#生活有星意#'],['[奋斗]'],[],[],[],[]
4776361803644985,4776361803644985,Fri Jun 03 19:47:36 +0800 2022,,发布于 重庆,False,1000000,156637,351009,甜粽子派 是我👀再给大家画一个彩蛋[甜粽党]端午安康！#端午粽意你# ,[],['#端午粽意你#'],[],[],[],[],[]
4775621458397248,4775621458397248,Wed Jun 01 18:45:45 +0800 2022,,发布于 重庆,False,1000000,121412,327054,翻了翻相册里儿时的旧照片，经过“艺术的加工”，分享给大家看👀#六一宝宝节# ,[],['#六一宝宝节#'],[],[],[],[],[]
4774230526266791,4774230526266791,Sat May 28 22:38:41 +0800 2022,,发布于 重庆,False,1000000,115176,301126,林间吉他🎸（哈哈哈哈哈哈哈）#遇见真诚的你# ,[],['#遇见真诚的你#'],[],[],[],[],[]
4773484766432091,4773484766432091,Thu May 26 21:15:18 +0800 2022,,发布于 重庆,False,1000000,122660,302877,分享放松时间👀和表妹出门去抓泥鳅（抓泥鳅是喂乌龟🐢）天气很O！K！#遇见真诚的你# ,[],['#遇见真诚的你#'],[],[],[],[],[]
4771928374252043,4771928374252043,Sun May 22 14:10:45 +0800 2022,,发布于 重庆,False,5444,6614,99262,#一稻济天下肝胆两昆仑# 一起缅怀两位院士，永远怀念永远记住您。敬意永存！,[],['#一稻济天下肝胆两昆仑#'],[],[],[],[],[]
4771708445395096,4771708445395096,Sat May 21 23:36:50 +0800 2022,,发布于 重庆,False,1000000,106374,289834,下次也许可以再挑战更高难度的瑜伽动作（开个玩笑👀）哈哈哈哈哈哈哈#我的营业大动作# ,[],['#我的营业大动作#'],['[单身狗]'],[],[],[],[]
4771281750196237,4771281750196237,Fri May 20 19:21:17 +0800 2022,,发布于 重庆,False,1000000,114510,298770,哈喽当我出现在你的手机里 停下来看完我讲的这组故事！！【①】🚶🏻📸一组街头风景随拍🏞【②】👀像不像一张个人证件照哈【③】偶然间翻到了家里喜羊羊的风筝，有点傻！放着放着风筝就挂树上了！😟【④】等了很久不知道怎么办，后来放弃了。😞【⑤】打了个篮球🏀 ...全文,[],[],[],[],[],[],[]
4770588131066279,4770588131066279,Wed May 18 21:25:05 +0800 2022,,发布于 重庆,False,1000000,114540,341847,🌿🌤#青春当燃季# ,[],['#青春当燃季#'],[],[],[],[],[]
4769842659594343,4769842659594343,Mon May 16 20:02:52 +0800 2022,,发布于 重庆,False,1000000,112095,291332,现在是模仿时间！（放松一下 继续看书去了👀）#你心目中的理想生活是什么样的# ,[],['#你心目中的理想生活是什么样的#'],[],[],[],[],[]
4769154337083462,4769154337083462,Sat May 14 22:27:43 +0800 2022,,发布于 重庆,True,1000000,106984,317478,Dancing to the moon👀#青春当燃季# ,[],['#青春当燃季#'],[],[],[],[],[]
4768754782963201,4768754782963201,Fri May 13 20:00:02 +0800 2022,微博视频号,发布于 重庆,True,1000000,127051,383419,O！K！当你点开这首歌，它是快乐之歌。✌️创作初始于闭关在家网课学习间歇，创作内容在脑海停滞了下来，略微枯竭。于是就有了就地取材的灵感一说，靠脑海的想象世界串联起整个内容故事。想象着自己在这间屋子里dance，high到月球上，没有重力，自由的感觉。“Dancing to the moon！”（反复循环 ...全文,[],[],[],[],[],[],[]
4768252549661780,4768252549661780,Thu May 12 10:44:20 +0800 2022,,发布于 重庆,False,5387,5909,87221,勿忘历史，缅怀逝者，愿山川无恙，致敬重生，祝福汶川，祖国会更好。,[],[],[],[],[],[],[]
4766879731943632,4766879731943632,Sun May 08 15:49:15 +0800 2022,微博视频号,发布于 重庆,False,1000000,117818,406958,一段快板祝福送给妈妈👩🏻母亲节快乐#给妈妈的情书# TF家族-张泽禹的微博视频 ,[],['#给妈妈的情书#'],['[哇]'],[],[],[],[]
4766612237058233,4766612237058233,Sat May 07 22:06:18 +0800 2022,,发布于 重庆,False,1000000,103898,296196,也不知为何到了聚会的尾巴，自然而然成为了一位MC（berberber）不是“富翁”也不是“负翁” 👀——剩余糖果量：够吃！我是会弹舌的眨眨眼王子🤴🏻#花果三王子们的聚会# ,[],['#花果三王子们的聚会#'],[],[],[],[],[]
4766258580685517,4766258580685517,Fri May 06 22:41:01 +0800 2022,,发布于 重庆,False,1000000,84694,288138,关于眨眨眼在录音棚犯困的故事浅浅眯着了一会儿#青春当燃季# ,[],['#青春当燃季#'],['[单身狗]'],[],[],[],[]
4765752953409924,4765752953409924,Thu May 05 13:11:50 +0800 2022,,发布于 重庆,False,1000000,5542,78330,#建团百年#  青春的理想始终坚定于心，薪火相传。不负韶华，走向奋斗的终点。#100年共青春#,[],"['#建团百年#', '#100年共青春#']",[],[],[],[],[]
4765347037056902,4765347037056902,Wed May 04 10:18:52 +0800 2022,,发布于 重庆,False,1000000,8907,100253,#青春当盛放#  在青春的路上，不放弃不气馁，奋斗的力量是无穷无尽的。致这份热血青春！#5月4日青年节#,[],"['#青春当盛放#', '#5月4日青年节#']",[],[],[],[],[]
4765109089996667,4765109089996667,Tue May 03 18:33:21 +0800 2022,微博视频号,发布于 重庆,False,1000000,437262,652658,最近上了编曲课，打开了奇妙新世界👀浅浅弹唱一下🎶🎶 【《我们俩》cover】（但是好像嗓子有点哑了）#感到幸福你就拍一拍# TF家族-张泽禹的微博视频 ,[],['#感到幸福你就拍一拍#'],"['[单身狗]', '[苦涩]']",[],[],[],[]
4764755916751445,4764755916751445,Mon May 02 19:09:57 +0800 2022,微博视频号,发布于 重庆,False,1000000,492396,689074,新练习了一首歌曲，感觉还是有不足的地方，老师一直强调多加入情感，这点我也还在琢磨中练习室《我们俩》COVER （原唱：郭顶）#五一照常营业中# TF家族-张泽禹的微博视频 ,[],['#五一照常营业中#'],['[单身狗]'],[],[],[],[]
4764013630064729,4764013630064729,Sat Apr 30 18:00:23 +0800 2022,,,False,1000000,102811,1871032,很谢谢兄弟们准备的惊喜🤣最后把我黑了一跳哈！非常O！K！你们都等着！！谢谢大家的祝福 我们一起天天快乐✌️#我的春日游记# ,[],['#我的春日游记#'],[],[],[],[],[]
4764003526775435,4764003526775435,Sat Apr 30 17:20:14 +0800 2022,,,False,1000000,62720,351530,当了一回——宝大侠！#我的春日游记# ,[],['#我的春日游记#'],[],[],[],[],[]
4764003471199295,4764003471199295,Sat Apr 30 17:20:01 +0800 2022,微博视频号,,True,1000000,136839,808046,哈喽又是我，我又出现在你的手机里。但这次不一样的是，十五岁的我出现在你的手机里👀berberber一眨眼，再眨眨眼，就告别了十四岁的自己，距离上一次已经很遥远，过去了又一个365天。我觉得以前每个阶段的自己，完成的事儿都是独属于那个时期的特别回忆，我很庆幸也很幸运，能做着自己喜欢的事儿✌ ...全文,[],[],[],[],[],[],[]
4763786542842196,4763786542842196,Sat Apr 30 02:58:01 +0800 2022,生日动态,,False,1000000,83361,188455, ,[],[],[],[],[],[],[]
4763698294166042,4763698294166042,Fri Apr 29 21:07:21 +0800 2022,,,False,1000000,66780,340094,开心小宝 从早到晚都O！K！👀#我的春日游记# ,[],['#我的春日游记#'],[],[],[],[],[]
4763007958126645,4763007958126645,Wed Apr 27 23:24:12 +0800 2022,微博视频号,,False,1000000,60019,288746,怀旧的时刻——《西游记大串烧》弹过也就“一万遍”吧！一遍过！berberber👀#我的营业大动作# TF家族-张泽禹的微博视频 ,[],['#我的营业大动作#'],[],[],[],[],[]
4761915131953420,4761915131953420,Sun Apr 24 23:01:41 +0800 2022,,,False,1000000,82543,263678,#花果三第一届吹泡泡大赛#参赛者：练吉他的时候被逮出来吹泡泡又不太会吹泡泡的zzy ,[],['#花果三第一届吹泡泡大赛#'],['[单身狗]'],[],[],[],[]
4761178352393665,4761178352393665,Fri Apr 22 22:14:00 +0800 2022,,,False,1000000,94385,307179,🎧准备起#生活有星意# 🎵#我镜头里的春意# ,[],"['#生活有星意#', '#我镜头里的春意#']",[],[],[],[],[]
4760797010462397,4760797010462397,Thu Apr 21 20:58:41 +0800 2022,微博视频号,,True,1000000,421404,658154,《空谷幽兰》——久违的训练曲🎸耶！没弹错一遍过👀#我的营业大动作# TF家族-张泽禹的微博视频 ,[],['#我的营业大动作#'],[],[],[],[],[]
4760097315621769,4760097315621769,Tue Apr 19 22:38:21 +0800 2022,,,False,1000000,76142,307359,阿哈哈哈哈哈哈哈哈哈berberber#活力过春天# 🤣#生活有星意# ,[],"['#活力过春天#', '#生活有星意#']",[],[],[],[],[]
4758783186700781,4758783186700781,Sat Apr 16 07:36:28 +0800 2022,,,False,1000000,7611,111638,#欢迎翟志刚王亚平叶光富回地球#  欢迎英雄回家，平安归来。大家真的都辛苦了！,[],['#欢迎翟志刚王亚平叶光富回地球#'],[],[],[],[],[]
4757909264667605,4757909264667605,Wed Apr 13 21:43:49 +0800 2022,微博视频号,,True,1000000,105166,416517,哈喽又是我 我又出现在你的手机里📱《张小宝之隔离日记》👀记不清的第一二三四五六七八九天……（遭不住了啊）还是认认真真做了好多事儿！（要疯了）想兄弟们了#隔离生活全记录# #宅家日常# TF家族-张泽禹的微博视频 ,[],"['#隔离生活全记录#', '#宅家日常#']",['[单身狗]'],[],[],[],[]
4756772654417421,4756772654417421,Sun Apr 10 18:27:20 +0800 2022,,,False,1000000,106273,344833,天气好好！其实尝试着蹦跶了两下 （本来想拍一个搞笑的睡前读物😂）但…还是拍照📸吧#活力过春天# 🤣#生活有星意# ,[],"['#活力过春天#', '#生活有星意#']",['[单身狗]'],[],[],[],[]
4756433047129395,4756433047129395,Sat Apr 09 19:57:51 +0800 2022,,,False,1000000,96462,383714,熟悉的地方👀berberber#活力过春天# ！#生活有星意# ,[],"['#活力过春天#', '#生活有星意#']",[],[],[],[],[]
4754854762776722,4754854762776722,Tue Apr 05 11:26:19 +0800 2022,,,False,4823,9091,120415,铭记于心，致敬先烈，缅怀逝者，共寄哀思。#清明追思家国永念#,[],['#清明追思家国永念#'],[],[],[],[],[]
4754198217100981,4754198217100981,Sun Apr 03 15:57:26 +0800 2022,,,False,1000000,121377,396991,晴天#拍拍春天# ,[],['#拍拍春天#'],['[太阳]'],[],[],[],[]
4753232495118987,4753232495118987,Fri Apr 01 00:00:00 +0800 2022,,,False,1000000,116876,361327,已经晕了 今天十一点才下课 好久没出现 ！晚安#拍拍春天# ,[],['#拍拍春天#'],"['[苦涩]', '[单身狗]', '[月亮]']",[],[],[],[]
4751406197638404,4751406197638404,Sat Mar 26 23:02:57 +0800 2022,,,False,5437,12986,137016,,[],[],"['[蜡烛]', '[蜡烛]', '[蜡烛]']",[],[],[],[]
4749132898242052,4749132898242052,Sun Mar 20 16:29:40 +0800 2022,,,False,1000000,114519,352764,春分 天气不错喔☀️#活力过春天# ,[],['#活力过春天#'],[],[],[],[],[]
4748873308570345,4748873308570345,Sat Mar 19 23:18:09 +0800 2022,,,False,1000000,103475,394634,离谱挑战完成（你等着👍苏新皓）#春日生活小记# 👀#你好春天# ,[],"['#春日生活小记#', '#你好春天#']",[],[],[],[],[]
4748770799255964,4748770799255964,Sat Mar 19 16:30:48 +0800 2022,微博视频号,,False,1000000,42428,509214,正遛弯呢 突然！看见👀(ABCD)#春日生活小记# 🐶#你好春天# TF家族-张泽禹的微博视频 ,[],"['#春日生活小记#', '#你好春天#']",[],[],[],[],[]
4746585441047722,4746585441047722,Sun Mar 13 15:46:59 +0800 2022,,,False,1000000,104700,350793,文庙附近溜达溜达，蓝天白云真好☀️听说兄弟们那边都是夏天的感觉了，可以穿短袖训练了#致可爱的你# ,[],['#致可爱的你#'],['[单身狗]'],[],[],[],[]
4746279186337783,4746279186337783,Sat Mar 12 19:30:02 +0800 2022,,,False,1000000,100768,308375,四个任务挑战完成👀 带着采访人员露个面！哈哈哈哈#致可爱的你# ,[],['#致可爱的你#'],[],[],[],[],[]
4745858032337122,4745858032337122,Fri Mar 11 15:36:30 +0800 2022,,,False,1000000,80181,321671,好天气say berberber✌️✌️周五半天假☁️🌥⛅️🌤☀️ #致可爱的你# ,[],['#致可爱的你#'],[],[],[],[],[]
4744133690261809,4744133690261809,Sun Mar 06 21:24:35 +0800 2022,,,False,1000000,89604,335658,周末遛弯儿👀介绍一下咱们东北好吃的——“东北大豆角”和“东北特产脆香酥”。老香了！#我的生活引力# ,[],['#我的生活引力#'],[],[],[],[],[]
4743759533444505,4743759533444505,Sat Mar 05 20:37:50 +0800 2022,,,False,1000000,59112,305518,不行了不行了，太香了，“迅速”拍了两张，吃饭了吃饭了！（在外面吃饭，自拍还有些不好意思👀）自拍🤳技术还有待提高！还有想分享的是：新学期都会要求剪头发，一不小心就……还郁闷了好几天 初三的生活比想象中的更加忙碌，每天挺晚下课然后回家继续学习做作业，平时都是没有手机会“失联 ...全文,[],[],['[苦涩]'],[],[],[],[]
4741531213498325,4741531213498325,Sun Feb 27 17:03:17 +0800 2022,微博视频号,,False,1000000,109237,382332,贾维斯  打开！关闭！听话！👀这个可以和兄弟们一起耍#我的生活引力# TF家族-张泽禹的微博视频 ,[],['#我的生活引力#'],['[钢铁侠]'],[],[],[],[]
4741145626411635,4741145626411635,Sat Feb 26 15:31:05 +0800 2022,微博视频号,,False,1000000,71563,431448,环保起见，再用一遍！争取下次，吉他插电！🎸 #星动不打烊# TF家族-张泽禹的微博视频 ,[],['#星动不打烊#'],[],[],[],[],[]
4739078933976474,4739078933976474,Sun Feb 20 22:38:48 +0800 2022,,,False,1000000,103471,363988,出现了几个小宝还是👀？ berberber （弹舌版）感受到了春天的暖意🌿🌱#2022说出爱# ,[],['#2022说出爱#'],[],[],[],[],[]
4737196882661318,4737196882661318,Tue Feb 15 18:00:12 +0800 2022,,,False,1000000,101760,428863,等到雪融化掉那天❄️🌨会不会夏天就可以慢慢来了#冰雪闹元宵# ,[],['#冰雪闹元宵#'],[],[],[],[],[]
4736160075355783,4736160075355783,Sat Feb 12 21:20:18 +0800 2022,微博视频号,,False,1000000,83276,432318,课后魔术时间🎩（第二次尝试👀）好耶 一次成功！#你们的快乐我负责# 🃏#推开春天的门# TF家族-张泽禹的微博视频 ,[],"['#你们的快乐我负责#', '#推开春天的门#']",[],[],[],[],[]
4735443365271794,4735443365271794,Thu Feb 10 21:52:21 +0800 2022,,,False,1000000,175764,458178,☃️☃️☃️❄️❄️❄️#一起冬奥吧# ,[],['#一起冬奥吧#'],[],[],[],[],[]
4734330787598463,4734330787598463,Mon Feb 07 20:11:22 +0800 2022,,,False,1000000,87171,386935,这次舞台因为时间比较紧张，我们有很多节目其实还有可以精进的空间，比如我们自己尝试创作的招生简章，如果还有足够多的时间，我认为我们的副歌部分可以完成的更好更精彩🤔而且以后一定要多多尝试原创，好好尝试做自己的内容！还有天机这个节目，是我第一次在吊篮上进行表演，当时非常的兴奋，觉得 ...全文,[],[],[],[],[],[],[]
4733181775315990,4733181775315990,Fri Feb 04 16:05:36 +0800 2022,,,False,1000000,9587,108218,#今日立春冬奥开幕#  一起奔赴这场冰雪之约，为北京冬奥助力！🇨🇳,[],['#今日立春冬奥开幕#'],[],[],[],[],[]
4732072943948193,4732072943948193,Tue Feb 01 14:39:30 +0800 2022,微博视频号,,False,1000000,79407,446200,过年也得强身健体！运动起来🏃🏻是张小宝发现的健身打卡点哟（👀）#2022新春有年味# 🏃🏻#虎年第一条微博# TF家族-张泽禹的微博视频 ,[],"['#2022新春有年味#', '#虎年第一条微博#']",[],[],[],[],[]
4731784753060318,4731784753060318,Mon Jan 31 19:34:20 +0800 2022,,,False,1000000,93507,344302,除夕到，新春到！虎年旺旺！🐯年说：新（ber)年(ber)快(ber)乐(ber)我家年夜饭在18道菜中我贡献了一道菜，它的菜名是：乾隆白菜（百财）🎉👀#超嗨拜年大会# #2022新春有年味# ,[],"['#超嗨拜年大会#', '#2022新春有年味#']",['[福气虎]'],[],[],[],[]
4731390937268283,4731390937268283,Sun Jan 30 17:29:26 +0800 2022,,,False,1000000,64843,346162,锅出溜👀 家乡的味道#2022新春有年味# #虎年新春碎片# ,[],"['#2022新春有年味#', '#虎年新春碎片#']",['[2022]'],[],[],[],[]
4731308460478206,4731308460478206,Sun Jan 30 12:01:43 +0800 2022,,,False,1000000,16656,160419,🎤时间的沙一点点吹进头发 查看图片,[],[],[],[],[],['查看图片'],['查看图片']
4729991991136972,4729991991136972,Wed Jan 26 20:50:32 +0800 2022,,,False,1000000,164412,429598,完成了好多事儿！ber~~~(开心）准备回家过年了👀 小年happy#我的小年仪式感# ,[],['#我的小年仪式感#'],[],[],[],[],[]
4725305619252377,4725305619252377,Thu Jan 13 22:28:34 +0800 2022,,,False,1000000,157585,422090,注意保暖🎩🎩🎩下课，回家，休息！#你好2022# #每日星随拍# ,[],"['#你好2022#', '#每日星随拍#']",['[月亮]'],[],[],[],[]
4723450747553443,4723450747553443,Sat Jan 08 19:37:58 +0800 2022,,,False,1000000,154496,378676,虽然变成了一大一小的👀 但我尽力了🥲#你好2022# 👀 #每日星随拍# ,[],"['#你好2022#', '#每日星随拍#']",[],[],[],[],[]
4722765846283600,4722765846283600,Thu Jan 06 22:16:25 +0800 2022,,,False,1000000,149240,375351,又一天训练结束！👀👀那么就说 berberber晚安了💤#你好2022# 🔄#每日星随拍# ,[],"['#你好2022#', '#每日星随拍#']",[],[],[],[],[]
4720609071992781,4720609071992781,Fri Dec 31 23:26:09 +0800 2021,,,False,1000000,134724,377889,哈喽，又是我，我又出现在你的手机里👀那么呢！我来定下三个新年愿望：2022年，希望我的变声期可以稳定🎶2022年，希望和我的兄弟们可以一起去海边🌊2022年，希望家人朋友们身体健康开开心心✌️这一年，经历过很多事情，有遗憾也有进步，有开心也有失落，但是就如我们歌词所说“调整自己的 ...全文,[],[],[],[],[],[],[]
4720412812642123,4720412812642123,Fri Dec 31 10:26:18 +0800 2021,,,False,1000000,15401,124626,♫ -👀 Dance-ጿ ኈ ቼ ዽ ኈ ኈ #TF家族三代长大音源上线# 🎁#TF家族三代新歌长大#,[],"['#TF家族三代长大音源上线#', '#TF家族三代新歌长大#']",[],[],[],[],[]
4719818815836949,4719818815836949,Wed Dec 29 19:05:58 +0800 2021,,,False,1000000,234114,421406,🎧-👀录音完毕 报数 小宝到！#2021我想对你说# ,[],['#2021我想对你说#'],[],[],[],[],[]
4718049556956123,4718049556956123,Fri Dec 24 21:55:34 +0800 2021,,,False,1000000,147260,361204,阳光照进冬日梦境里的梦！冬日快乐乐乐berberber❄️#2021我想对你说# ,[],['#2021我想对你说#'],[],[],[],[],[]
4717331076617119,4717331076617119,Wed Dec 22 22:20:35 +0800 2021,,,False,1000000,203806,367198,冬天也要偶尔补充糖分🍰 ber#元气爱豆的日常# 🧁#每日星随拍# ,[],"['#元气爱豆的日常#', '#每日星随拍#']",[],[],[],[],[]
4716219321552671,4716219321552671,Sun Dec 19 20:42:52 +0800 2021,微博视频号,,False,1000000,192822,384694,又一次挑战！纯白拼图！边边角角拼凑都好难😮💨 等放假以后有时间再弄好完整的一块儿啊！#元气爱豆的日常# 🧩#尽兴生活# TF家族-张泽禹的微博视频 ,[],"['#元气爱豆的日常#', '#尽兴生活#']",[],[],[],[],[]
4714007808446518,4714007808446518,Mon Dec 13 18:15:06 +0800 2021,,,False,134816,4587,70998,#南京大屠杀之痛永不敢忘# 昭昭前事，惕惕后人。不能忘！不敢忘！吾辈自强！,[],['#南京大屠杀之痛永不敢忘#'],[],[],[],[],[]
4712254354495196,4712254354495196,Wed Dec 08 22:07:30 +0800 2021,,,False,1000000,176041,401438,是会动的ber~ber~ber~#元气爱豆的日常# 👀#尽兴生活# ,[],"['#元气爱豆的日常#', '#尽兴生活#']",[],[],[],[],[]
4711094910192530,4711094910192530,Sun Dec 05 17:20:17 +0800 2021,微博视频号,,False,999975,134185,403152,一场持续了很久很久的比拼👀 下次继续再战@TF家族-穆祉丞MU #元气爱豆的日常# ！#2021我想对你说# TF家族-张泽禹的微博视频 ,['@TF家族-穆祉丞MU'],"['#元气爱豆的日常#', '#2021我想对你说#']",[],[],[],[],[]
4710085458923354,4710085458923354,Thu Dec 02 22:29:05 +0800 2021,,,False,1000000,112589,369236,1-9 造句🧐#元气爱豆的日常# ✍🏻️#2021我想对你说# ,[],"['#元气爱豆的日常#', '#2021我想对你说#']",[],[],[],[],[]
4706427078443789,4706427078443789,Mon Nov 22 20:11:59 +0800 2021,,,False,1000000,151616,378855,小雪节气到来❄️保暖最重要！出行注意安全🚗#元气爱豆的日常# 🧣#遇见最特别的你# ,[],"['#元气爱豆的日常#', '#遇见最特别的你#']",[],[],[],[],[]
4704628471761992,4704628471761992,Wed Nov 17 21:04:58 +0800 2021,微博视频号,,False,1000000,129534,402200,电吉他训练记录🎸那么问题来了：此时是张小宝还是👀？“真相”只有一个🤔#元气爱豆的日常# 🎸#遇见最特别的你# TF家族-张泽禹的微博视频 ,[],"['#元气爱豆的日常#', '#遇见最特别的你#']",[],[],[],[],[]
4702783679497108,4702783679497108,Fri Nov 12 18:54:25 +0800 2021,微博视频号,,False,1000000,120287,412205,记录一下课后的声乐练习《我不配》。才开始学习的练习曲，很多细节处理还不够好，有一点点小失误😔继续加油练练！！#元气爱豆的日常# 🎵#遇见最特别的你# TF家族-张泽禹的微博视频 ,[],"['#元气爱豆的日常#', '#遇见最特别的你#']",[],[],[],[],[]
4702445022479360,4702445022479360,Thu Nov 11 20:28:43 +0800 2021,,,False,1000000,104037,388348,这儿…哈尔滨的冬天❄️and “妙妙”🐱还有妈妈自制牌糖葫芦（她非得加粉色边框🥲）但是这都是来自妈妈👩🏻的隔空分享👏berberber…#元气爱豆的日常# ❄️#遇见最特别的你# ,[],"['#元气爱豆的日常#', '#遇见最特别的你#']",[],[],[],[],[]
4701714311550027,4701714311550027,Tue Nov 09 20:05:08 +0800 2021,,,False,1000000,5904,92351,今天是119消防日，让我们一起接力#点亮火焰蓝#，关注消防安全，致敬逆行英雄。#人民安全守护者# ,[],"['#点亮火焰蓝#', '#人民安全守护者#']",[],[],[],[],[]
4700618294298927,4700618294298927,Sat Nov 06 19:29:57 +0800 2021,微博视频号,,False,1000000,157848,379175,我的『在第一天降临』关键词：思KEEP THINKING考保持动脑 TF家族-张泽禹的微博视频 ,[],[],[],[],[],[],[]
4699930557415800,4699930557415800,Thu Nov 04 21:57:07 +0800 2021,,,False,1000000,112736,363027,一米吧和一米八！😏（库存➕➕➕➕➕➕）#元气爱豆的日常# 👀#我爱我热爱# ,[],"['#元气爱豆的日常#', '#我爱我热爱#']",[],[],[],[],[]
4697774241612287,4697774241612287,Fri Oct 29 23:08:41 +0800 2021,微博视频号,,False,1000000,132207,374211,开启我的首次盲盒挑战🧟♂️🤪希望大家的生活像拆盲盒一样，连连惊喜👀#元气爱豆的日常# 🧟♂️#我爱我热爱# TF家族-张泽禹的微博视频 ,[],"['#元气爱豆的日常#', '#我爱我热爱#']",[],[],[],[],[]
4695909071326326,4695909071326326,Sun Oct 24 19:37:11 +0800 2021,,,False,1000000,104113,360649,晒晒阳光的周末👀想想晚饭吃点啥有推荐不#元气爱豆的日常# 👀#我爱我热爱# ,[],"['#元气爱豆的日常#', '#我爱我热爱#']",[],[],[],[],[]
4695570624807487,4695570624807487,Sat Oct 23 21:12:18 +0800 2021,微博视频号,,False,1000000,85886,405774,张小宝讲笑话时间来了，具体呢就是，有一个人啊他叫小明...然后...哈哈哈哈...（能明白我的笑点吗！🤣🤣还有啊捡到的五块钱已给👉不怕冷的兄弟买暖宝宝贴了😂）#元气爱豆的日常# 🤣#我爱我热爱# TF家族-张泽禹的微博视频 ,[],"['#元气爱豆的日常#', '#我爱我热爱#']",[],[],[],[],[]
4695121520755657,4695121520755657,Fri Oct 22 15:27:44 +0800 2021,,,False,26012,3359,73292,#长征胜利纪念日#  致敬先辈英烈，珍惜来之不易的生活。铭记伟大长征，不忘初心砥砺前行！,[],['#长征胜利纪念日#'],[],[],[],[],[]
4694518441970760,4694518441970760,Wed Oct 20 23:31:19 +0800 2021,,,False,52075,17725,198252,fashion？ 查看图片,[],[],[],[],[],['查看图片'],['查看图片']
4694105269209943,4694105269209943,Tue Oct 19 20:09:31 +0800 2021,,,False,1000000,73496,363879,剪完头发的呆小宝 💇🏻♂️放学来到公司后… ,[],[],['[黑线]'],[],[],[],[]
4693034686745160,4693034686745160,Sat Oct 16 21:15:24 +0800 2021,,,False,1000000,93010,365013,我射箭应该还可以吧！？🏹（flag:下次一定！全中！） ,[],[],[],[],[],[],[]
4692976570205010,4692976570205010,Sat Oct 16 17:24:27 +0800 2021,,,False,1000000,5731,92991,#神舟十三号升空# 中国航天英雄们踏上新的征途，平平安安。,[],['#神舟十三号升空#'],[],[],[],[],[]
4691930556665377,4691930556665377,Wed Oct 13 20:07:59 +0800 2021,,,False,1000000,80782,377007,好好复习！明天月考有点儿紧张(•͈˽•͈) ,[],[],[],[],[],[],[]
4689716732233192,4689716732233192,Thu Oct 07 17:31:02 +0800 2021,微博视频号,,False,1000000,61070,372973,张小宝的“魔法”时间！✏️✏️假期结束了…希望我的“魔法”可以一键回到放假前👀 TF家族-张泽禹的微博视频 ,[],[],[],[],[],[],[]
4687397651222123,4687397651222123,Fri Oct 01 07:55:50 +0800 2021,,,False,1000000,9014,100729,#祝新中国生日快乐# 此生无悔入华夏，作为一名中华儿女无比自豪。🇨🇳祖国母亲生日快乐！#中华人民共和国成立72周年#,[],"['#祝新中国生日快乐#', '#中华人民共和国成立72周年#']",[],[],[],[],[]
4687058473586334,4687058473586334,Thu Sep 30 09:28:04 +0800 2021,,,False,58473,4394,101882,#盛世中国如你所愿#  致敬英雄！你们的英勇牺牲我们不会忘记！ #烈士纪念日向人民英雄敬献花篮#,[],"['#盛世中国如你所愿#', '#烈士纪念日向人民英雄敬献花篮#']",[],[],[],[],[]
4686904610262102,4686904610262102,Wed Sep 29 23:16:40 +0800 2021,微博视频号,,False,1000000,73360,372430,即兴跳一段儿(｡◕ˇ∀ˇ◕) TF家族-张泽禹的微博视频 ,[],[],[],[],[],[],[]
4686901128729593,4686901128729593,Wed Sep 29 23:02:50 +0800 2021,,,False,1000000,64397,359227,突然出现 溜达溜达👀听说哦 植物在音乐的伴奏下会长得更快！ ,[],[],[],[],[],[],[]
4685768151272013,4685768151272013,Sun Sep 26 20:00:47 +0800 2021,微博视频号,,False,1000000,60705,455891,我来延迟分享中秋假期怎么玩儿的👀自己拍的画质有点尴尬，下次再努力！挺开心的一天ber~~~ber~~~ber~~~ TF家族-张泽禹的微博视频 ,[],[],[],[],[],[],[]
4683964901754958,4683964901754958,Tue Sep 21 20:35:19 +0800 2021,微博视频号,,True,1000000,99244,369975,张小宝吃着（👀🌕🥮）月饼的时候遇见了张泽禹，张泽禹播报了以下👇内容！😉其实他俩都想表达同一句话——中秋节快乐🎑#陪你过中秋# 🥮#中秋节快乐# TF家族-张泽禹的微博视频 ,[],"['#陪你过中秋#', '#中秋节快乐#']",[],[],[],[],[]
4683230417256884,4683230417256884,Sun Sep 19 19:56:43 +0800 2021,,,False,1000000,53553,376946,听说！👀 当发“fu”的音，发出来的是冷气❄️而当发“hu”的音，发出来的是热气🔥我的秋天plog·张泽禹专场 #我的秋天plog# ,[],['#我的秋天plog#'],[],[],[],[],[]
4682709878441677,4682709878441677,Sat Sep 18 09:28:18 +0800 2021,,,False,4530,4720,98485,#九一八90周年# 牢记历史，勿忘国耻，吾辈自强！,[],['#九一八90周年#'],[],[],[],[],[]
4682558267458255,4682558267458255,Fri Sep 17 23:25:51 +0800 2021,,,False,1000000,78046,366388,马上快放假了｡◕‿◕｡ ,[],[],[],[],[],[],[]
4679963455786035,4679963455786035,Fri Sep 10 19:35:00 +0800 2021,微博视频号,,False,1000000,57969,359122,第一次尝试手工制作，不太完美😔但也是我的一份小心意。感谢指引我前进的所有老师们，这份用心良苦，铭记于心。老师们辛苦了！！！#给老师的告白# TF家族-张泽禹的微博视频 ,[],['#给老师的告白#'],[],[],[],[],[]
4679267651421495,4679267651421495,Wed Sep 08 21:30:07 +0800 2021,,,False,1000000,56855,333304,快乐放学！快乐做作业👀 ,[],[],[],[],[],[],[]
4677140727203954,4677140727203954,Fri Sep 03 00:38:29 +0800 2021,,,False,4690,10138,106215,缅怀先烈，珍爱和平，吾辈自强！#抗日战争胜利76周年#,[],['#抗日战争胜利76周年#'],[],[],[],[],[]
4674192416706387,4674192416706387,Wed Aug 25 21:22:57 +0800 2021,微博视频号,,False,1000000,95060,498354,关于每次出现的到底是小宝还是眨眨眼这件事，先来个预告🧐#爱豆v力量# 👀#元气爱豆的日常# TF家族-张泽禹的微博视频 ,[],"['#爱豆v力量#', '#元气爱豆的日常#']",[],[],[],[],[]
4672413944775748,4672413944775748,Fri Aug 20 23:35:56 +0800 2021,,,True,1000000,95552,384592,不知不觉已经是第五次进化论舞台了，舞台也看完了，又要写总结了🤔我感觉我表现的也就中规中矩，没有什么特别亮眼的地方，可能也是因为我这次节目选的有点多，就会有点顾不过来，当然也有挑战自己的地方，比如这次的北极星的眼泪，是一首纯人声阿卡贝拉的演奏方式，对于我来说非常新颖也非常有难度， ...全文,[],[],[],[],[],[],[]
4670391388211353,4670391388211353,Sun Aug 15 09:39:00 +0800 2021,,,False,13672,17691,162952,牢记历史，珍惜和平。#日本投降76周年#,[],['#日本投降76周年#'],[],[],[],[],[]
4670142996809220,4670142996809220,Sat Aug 14 17:12:00 +0800 2021,iPhone客户端,,False,1000000,137893,449154,🎸 TF家族-张泽禹的微博视频 ,[],[],[],[],[],[],[]
